Workbook

Sheet لیست پرسنل
A1: username | B1: personnel_code | C1: company | D1: unit | E1: national_code | F1: current_location
A2: مسلم میدانی | B2: 1946 | C2: فکورصنعت | D2: انبار | F2: توسعه فولاد (362)
A3: محمدرضا کیوان | B3: 1309 | C3: فکورصنعت | D3: مالی - اداری | F3: توسعه فولاد (362)
A4: محمد سلیم نیا | B4: 2224 | C4: فکورصنعت | D4: سرپرست واحد اکسیژن | F4: توسعه فولاد (362)
A5: ساسان انصاری | B5: 4001002 | C5: فکورصنعت | D5: ایمنی | F5: توسعه فولاد (362)
A6: سید جواد موسوی | B6: 0 | C6: نقشه برداری | D6: نقشه برداری | F6: توسعه فولاد (362)
A7: مانیتورینگ توسعه فولاد | B7: 0 | F7: توسعه فولاد (362)
A8: سبحان سلجوقی | B8: 20519 | C8: گهر کوشان سپهر | D8: اداری | E8: 3060349347 | F8: توسعه فولاد (362)
A9: مجید شکیبایی | B9: 1535 | C9: فکورصنعت | D9: کنترل پروژه | F9: توسعه فولاد (362)
A10: هومن حسین پور | B10: 683 | C10: فکورصنعت | D10: نظارت سیویل | F10: توسعه فولاد (362)
A11: محسن صالحی | B11: 20564 | C11: گهر کوشان سپهر | D11: کارمند اداری آهک | F11: توسعه فولاد (362)
A12: محمد رضا ایرانمنش | B12: 5031 | C12: فکورصنعت | D12: کنترل کیفیت | F12: توسعه فولاد (362)
A13: عرفان باجلانی | B13: 4020606 | C13: فکورصنعت | D13: اداری | E13: 3341380140 | F13: توسعه فولاد (362)
A14: هادی محمد نژاد | B14: 100566 | C14: مهرفام | D14: کنترل کیفیت | E14: 3071218354 | F14: توسعه فولاد (362)
A15: وحید حسینی | B15: 100599 | C15: مهرفام | D15: دفتر فنی سیویل | E15: 2391721341 | F15: توسعه فولاد (362)
A16: غلامرضا سپیانی | B16: 0 | C16: مهرفام | D16: سیویل | E16: 1129608591 | F16: توسعه فولاد (362)
A17: حمزه مسلمی | B17: 4500 | C17: فکورصنعت | D17: ابزار دقیق | F17: توسعه فولاد (362)
A18: ایمان فتحی | B18: 20473 | C18: گهر کوشان سپهر | D18: ایمنی | F18: توسعه فولاد (362)
A19: مجید بلوردی | B19: 5022 | C19: فکورصنعت | D19: انبار | F19: توسعه فولاد (362)
A20: آذر نیک اختر | B20: 2210 | C20: فکورصنعت | D20: سرپرست آی تی | F20: توسعه فولاد (362)
A21: واحد آی تی | F21: توسعه فولاد (362)
A22: ابوالفضل پور زیدآبادی | B22: 20628 | C22: گهر کوشان سپهر | D22: انبار | F22: توسعه فولاد (362)
A23: حجت عزت نیا | C23: فکورصنعت | D23: ماشین آلات سنگین | F23: توسعه فولاد (362)
A24: محمد خواجوئی نژاد | B24: 2237 | C24: فکورصنعت | D24: آی تی | F24: توسعه فولاد (362)
A25: محمد خواجوئی نژاد | B25: 0 | C25: مهرفام | D25: مکانیک | F25: توسعه فولاد (362)
A26: سالن کنفرانس نظارت | F26: توسعه فولاد (362)
A27: خسرو بقایی | B27: 99123 | C27: فکورصنعت | D27: کنترل کیفیت | F27: توسعه فولاد (362)
A28: مجتبی علی پور زارعی | B28: 20255 | C28: گهر کوشان سپهر | D28: کنترل کیفیت | F28: توسعه فولاد (362)
A29: کامیار صدیقی | B29: 100513 | C29: مهرفام | D29: اجرا | F29: توسعه فولاد (362)
A30: پیمان جعفری | B30: 5027 | C30: فکورصنعت | F30: توسعه فولاد (362)
A31: امیررضا اسحاقی | B31: 20361 | C31: گهر کوشان سپهر | D31: انبار-آهک | F31: توسعه فولاد (362)
A32: سیاوش دالوند | B32: 0 | C32: مهرفام | D32: کنترل کیفیت | F32: توسعه فولاد (362)
A33: بنفشه صادقی | B33: 5023 | C33: فکورصنعت | F33: توسعه فولاد (362)
A34: محسن مومنی | B34: 990701 | C34: فکورصنعت | D34: دفتر فنی | F34: توسعه فولاد (362)
A35: سالن کنفرانس | F35: توسعه فولاد (362)
A36: حمیدرضا قدرتی | B36: 993 | C36: فکورصنعت | D36: سرپرست واحد آهک | F36: توسعه فولاد (362)
A37: امیر عباسی | B37: 0 | C37: نیرو پژوه سهند | E37: 1960407937 | F37: توسعه فولاد (362)
A38: محسن رضوانی | D38: حراست توسعه | F38: توسعه فولاد (362)
A39: پارسا محمودی پور | B39: 0 | C39: فرزان-MC | D39: نظارت سیویل | F39: توسعه فولاد (362)
A40: سالن کنفرانس بزرگ | F40: توسعه فولاد (362)
A41: سالن کنفرانس کوچک فکور | F41: توسعه فولاد (362)
A42: اصغر قدر بلند | B42: 0 | C42: ماشین سازی | D42: نرم افزار آلمیلا | F42: توسعه فولاد (362)
A43: محمد صادقی‌پور | B43: 0 | C43: نگین تیان پارس | D43: نرم افزار آلمیلا | F43: توسعه فولاد (362)
A44: امین قربانی | B44: 0 | C44: تات | D44: نرم افزار آلمیلا | F44: توسعه فولاد (362)
A45: مجتبی خداوردی | B45: 0 | C45: شرکت آویسا | D45: نرم افزار آلمیلا-سپیددانه | E45: 6630071344 | F45: توسعه فولاد (362)
A46: مهدی گودررزی | B46: 0 | C46: پارس میامی | D46: نرم افزار آلمیلا | F46: توسعه فولاد (362)
A47: دانش صفری | B47: 0 | C47: سپیدانه | D47: نرم افزار آلمیلا | F47: توسعه فولاد (362)
A48: مسرور خسروی | B48: 0 | C48: مهرفام | D48: مکانیک | E48: 4269829656 | F48: توسعه فولاد (362)
A49: وحید حافظ آبادی | B49: 0 | C49: فرزان فن اندیش | D49: دوربین | F49: توسعه فولاد (362)
A50: نوید ولی زاده | B50: 4010302 | C50: فکورصنعت | D50: پرسنل دفتر تهران | F50: توسعه فولاد (362)
A51: خدامراد شیوافرد | B51: 20635 | C51: گهر کوشان سپهر | D51: مسئول کمپ کارگری | E51: 4250918149 | F51: توسعه فولاد (362)
A52: امین بابائی | B52: 0 | C52: مهرفام | D52: کنترل کیفیت | E52: 4623313069 | F52: توسعه فولاد (362)
A53: میلاد همت پور | B53: 20558 | C53: گهر کوشان سپهر | D53: پشتیبانی | E53: 3120296333 | F53: توسعه فولاد (362)
A54: صادق قاسمی روشن | B54: 100635 | C54: مهرفام | D54: سیویل | E54: 2691626687 | F54: توسعه فولاد (362)
A55: کیهان اسکندری | B55: 21075 | C55: گهر کوشان سپهر | D55: نقشه برداری | E55: 4675274619 | F55: کارخانه گندله سازی شرکت صنعتی معدنی گیورد(527)
A56: حیدر چتانی | B56: 0 | C56: شرکت پیمانکاری موسوی | D56: نقشه برداری | E56: 3733233786 | F56: توسعه فولاد (362)
A57: رباط میلی | B57: 0 | D57: آزمایشگاه | F57: توسعه فولاد (362)
A58: کاظم زلفی | B58: 20381 | C58: گهر کوشان سپهر | D58: تردد اداری | F58: توسعه فولاد (362)
A59: مجتبی جدیدالاسلام | B59: 991009 | C59: فکورصنعت | D59: مکانیک | F59: توسعه فولاد (362)
A60: فاطمه رضائیان | B60: 20421 | C60: گهر کوشان سپهر | D60: برق | F60: توسعه فولاد (362)
A61: علی مکیان زاده | B61: 0 | C61: آهن مهام | D61: حراست | E61: 2994102234 | F61: حراست آهن اسفنجی بردسیر (461)
A62: مهرداد شهبازی | B62: 0 | C62: آویسا | D62: نرم افزار آلمیلا | E62: 1830075357 | F62: توسعه فولاد (362)
A63: کافی نت | F63: توسعه فولاد (362)
A64: مسعود باب الحوائجی | B64: 21081 | C64: گهر کوشان سپهر | D64: کارشناس دفتر فنی سیویل | E64: 2298634221 | F64: هماتیت فولاد سنگان(456)
A65: میثم مددی زاده | B65: 4020304 | C65: فکورصنعت | D65: مسئول دفتر | F65: توسعه فولاد (362)
A66: شهرام فروزان فر | B66: 879 | C66: فکورصنعت | D66: دفتر فنی | F66: توسعه فولاد (362)
A67: وحید فرجی | C67: نگین تیان پارس | D67: نرم افزار آلمیلا | E67: 6330033803 | F67: شرکت نگین تیان پارس توسعه فولاد (362)
A68: احمد قربانی | B68: 812 | C68: فکورصنعت | D68: کنترل کیفیت | F68: توسعه فولاد (362)
A69: پیمان فضلی | B69: 0 | C69: کاربین طرح | D69: ایمنی - آهک | F69: توسعه فولاد (362)
A70: مسعود صداقت | B70: 5020 | C70: فکورصنعت | D70: کنترل پروژه | F70: توسعه فولاد (362)
A71: علیرضا اخوت | B71: 660 | C71: فکورصنعت | D71: دفتر فنی سیویل | F71: توسعه فولاد (362)
A72: علیرضا علیائی | B72: 21093 | C72: گهر کوشان سپهر | D72: کارشناس نظارت سیویل و معماری | E72: 2520076755
A73: مجید محجوبی | B73: 370 | C73: فکورصنعت | D73: سرپرست امور قراردادها | F73: توسعه فولاد (362)
A74: علیرضا کبیری | B74: 99122 | C74: فکورصنعت | F74: توسعه فولاد (362)
A75: حسین جمالپور | C75: پیمانکاری جمالپور | F75: هماتیت فولاد سنگان(456)
A76: مهدی خدا دوستان | F76: توسعه فولاد (362)
A77: رامین فرجی | B77: 991204 | C77: فکورصنعت | D77: نظارت سیویل و سازه | F77: توسعه فولاد (362)
A78: قدرت الله جوان | B78: 716 | C78: فکورصنعت | D78: مدیر سایت جانجا | F78: مس جانجا (483)
A79: ایرج ناروئی | B79: 20902 | C79: آهن مهام | D79: کمک انباردار | E79: 359059041 | F79: مس جانجا (483)
A80: حمید یوسفی سیاهرودی | B80: 4031007 | C80: فکورصنعت | D80: مدیر سایت | F80: مس جانجا (483)
A81: امید زینلی | B81: 4040606 | C81: فکورصنعت | D81: انبار | E81: 4420373611 | F81: کارخانه گندله سازی شرکت صنعتی معدنی گیورد(527)
A82: شهرام رحیمی | B82: 20915 | C82: آهن مهام | D82: نقشه برداری | F82: مس جانجا (483)
A83: منصور جعفری | B83: 1843 | C83: فکورصنعت | D83: مالی | F83: مس جانجا (483)
A84: الهام عطائی | B84: 21006 | C84: آهن مهام | D84: دفتردار | E84: 5639938341 | F84: مس جانجا (483)
A85: جلیل عسگری فرسنگی | B85: 4040110 | C85: فکورصنعت | D85: نظارت و اجرای سایت | E85: 0941653196 | F85: مس جانجا (483)
A86: جواد نبوی | B86: 4040109 | C86: فکورصنعت | D86: نظارت و اجرای سایت | E86: 2093510057 | F86: مس جانجا (483)
A87: داوود اصغری | B87: 4040203 | C87: فکورصنعت | D87: نظارت و اجرای سایت | E87: 2751051065 | F87: مس جانجا (483)
A88: سعید مومنه | B88: 4031202 | C88: فکورصنعت | D88: دفتر فنی سیویل | E88: 3257550227 | F88: مس جانجا (483)
A89: عباس وثوقی | B89: 4031208 | C89: فکورصنعت | D89: HSE | E89: 2659570345 | F89: مس جانجا (483)
A90: امیر برزگر | B90: 20985 | C90: آهن مهام | D90: نقشه برداری | E90: 2298234191 | F90: مس جانجا (483)
A91: امید سرابندی | B91: 1731 | C91: فکورصنعت | D91: اداری | F91: مس جانجا (483)
A92: سامان باقریان | B92: 990601 | C92: فکورصنعت | D92: رئیس دفتر فنی | F92: توسعه فولاد (362)
A93: علی اکرامیان | B93: 100506 | C93: مهرفام | D93: مکانیک | F93: توسعه فولاد (362)
A94: کوروش نوروزی | B94: 100532 | C94: مهرفام | D94: کنترل کیفیت | F94: توسعه فولاد (362)
A95: بهزاد پرگر | B95: 990607 | C95: فکورصنعت | D95: ایمنی | F95: توسعه فولاد (362)
A96: محمدرضا کرمی | B96: 0 | C96: کاربین طرح | D96: ایمنی | E96: 2451061881 | F96: توسعه فولاد (362)
A97: مسعود شعبانعلی لواسانی | B97: 98132 | C97: فکورصنعت | D97: ایمنی | F97: توسعه فولاد (362)
A98: علی اکبر کردی | B98: 4000508 | C98: سرپرست کنترل پروژه | D98: کنترل پروژه | F98: توسعه فولاد (362)
A99: عبدالحمید اکبری | B99: 98141 | C99: فکورصنعت | D99: انبار | F99: توسعه فولاد (362)
A100: فرشاد سلیمانی | B100: 990704 | C100: فکورصنعت | D100: سرپرست واحد تصفیه آب | F100: توسعه فولاد (362)
...

Sheet دوربین های فاقدکد
A1: کد سایت | B1: ردیف | C1: تحویل گیرنده اول | D1: شرکت | E1: واحد | F1: کد پرسنلی | G1: محل استقرار | H1: کد شناسایی سیستم | I1: گروه بندی | J1: مدل | K1: سریال | L1: کد اموال | M1: تحویل گیرنده دوم | N1: تحویل گیرنده -1 | O1: تحویل گیرنده -2 | P1: توضیحات | Q1: مختوم شده | R1: تاریخ اختتام
A2: AN_SiR | C2: آذر نیک اختر | D2: =VLOOKUP(C2,'لیست پرسنل'!$A$1:$E$1004,3,FALSE) -> فکورصنعت | E2: =VLOOKUP(C2,'لیست پرسنل'!$A$1:$E$1004,4,FALSE) -> سرپرست آی تی | F2: =VLOOKUP(C2,'لیست پرسنل'!$A$1:$E$1004,2,FALSE) -> 2210 | G2: انبار منطقه ای سیرجان | I2: دوربین مداربسته | J2: DAHUA DH-IPC-HDW2439 | K2: 7E05100PAGA7EAB | L2: فاقد اموال | N2: خوابگاه دماوند سیرجان جمع اوری شد | P2: تحویل آقای صادقی جهت تعمیر به علت خرابی سوکت شبکه
A3: AN_SiR | C3: رضا کاظمی | D3: =VLOOKUP(C3,'لیست پرسنل'!$A$1:$E$1004,3,FALSE) -> نظارت برسو | E3: =VLOOKUP(C3,'لیست پرسنل'!$A$1:$E$1004,4,FALSE) -> مدیر برسو | F3: =VLOOKUP(C3,'لیست پرسنل'!$A$1:$E$1004,2,FALSE) -> 0 | G3: انبار منطقه ای سیرجان | I3: دوربین مداربسته | J3: HIK VISION DS-2CD1067G2-L | K3: AG7241550 | L3: فاقد اموال | P3: نصب در انبار شهر
A4: AN_SiR | C4: رضا کاظمی | D4: =VLOOKUP(C4,'لیست پرسنل'!$A$1:$E$1004,3,FALSE) -> نظارت برسو | E4: =VLOOKUP(C4,'لیست پرسنل'!$A$1:$E$1004,4,FALSE) -> مدیر برسو | F4: =VLOOKUP(C4,'لیست پرسنل'!$A$1:$E$1004,2,FALSE) -> 0 | G4: انبار منطقه ای سیرجان | I4: دوربین مداربسته | J4: HIK VISION DS-2CD1067G2-L | K4: AG7241534 | L4: فاقد اموال | P4: نصب در انبار شهر
A5: AN_SiR | C5: رضا کاظمی | D5: =VLOOKUP(C5,'لیست پرسنل'!$A$1:$E$1004,3,FALSE) -> نظارت برسو | E5: =VLOOKUP(C5,'لیست پرسنل'!$A$1:$E$1004,4,FALSE) -> مدیر برسو | F5: =VLOOKUP(C5,'لیست پرسنل'!$A$1:$E$1004,2,FALSE) -> 0 | G5: انبار منطقه ای سیرجان | I5: دوربین مداربسته | J5: HIK VISION DS-2CD1067G2-L | K5: AG7241524 | L5: فاقد اموال | P5: نصب در انبار شهر
A6: AN_SiR | C6: رضا کاظمی | D6: =VLOOKUP(C6,'لیست پرسنل'!$A$1:$E$1004,3,FALSE) -> نظارت برسو | E6: =VLOOKUP(C6,'لیست پرسنل'!$A$1:$E$1004,4,FALSE) -> مدیر برسو | F6: =VLOOKUP(C6,'لیست پرسنل'!$A$1:$E$1004,2,FALSE) -> 0 | G6: انبار منطقه ای سیرجان | I6: دوربین مداربسته | J6: HIK VISION DS-2CD1067G2-L | K6: AG7241536 | L6: فاقد اموال | P6: نصب در انبار شهر
A7: AN_SiR | C7: رضا کاظمی | D7: =VLOOKUP(C7,'لیست پرسنل'!$A$1:$E$1004,3,FALSE) -> نظارت برسو | E7: =VLOOKUP(C7,'لیست پرسنل'!$A$1:$E$1004,4,FALSE) -> مدیر برسو | F7: =VLOOKUP(C7,'لیست پرسنل'!$A$1:$E$1004,2,FALSE) -> 0 | G7: انبار منطقه ای سیرجان | I7: دوربین مداربسته | J7: HIK VISION DS-2CD1067G2-L | K7: AG7241548 | L7: فاقد اموال | P7: نصب در انبار شهر
A8: AN_SiR | C8: رضا کاظمی | D8: =VLOOKUP(C8,'لیست پرسنل'!$A$1:$E$1004,3,FALSE) -> نظارت برسو | E8: =VLOOKUP(C8,'لیست پرسنل'!$A$1:$E$1004,4,FALSE) -> مدیر برسو | F8: =VLOOKUP(C8,'لیست پرسنل'!$A$1:$E$1004,2,FALSE) -> 0 | G8: انبار منطقه ای سیرجان | I8: دوربین مداربسته | J8: HIK VISION DS-2CD1067G2-L | K8: AG7241546 | L8: فاقد اموال | P8: نصب در انبار شهر
A9: AN_SiR | C9: رضا کاظمی | D9: =VLOOKUP(C9,'لیست پرسنل'!$A$1:$E$1004,3,FALSE) -> نظارت برسو | E9: =VLOOKUP(C9,'لیست پرسنل'!$A$1:$E$1004,4,FALSE) -> مدیر برسو | F9: =VLOOKUP(C9,'لیست پرسنل'!$A$1:$E$1004,2,FALSE) -> 0 | G9: انبار منطقه ای سیرجان | I9: دوربین مداربسته | J9: HIK VISION DS-2CD1067G2-L | K9: AG7241545 | L9: فاقد اموال | P9: نصب در انبار شهر
A10: AN_SiR | C10: رضا کاظمی | D10: =VLOOKUP(C10,'لیست پرسنل'!$A$1:$E$1004,3,FALSE) -> نظارت برسو | E10: =VLOOKUP(C10,'لیست پرسنل'!$A$1:$E$1004,4,FALSE) -> مدیر برسو | F10: =VLOOKUP(C10,'لیست پرسنل'!$A$1:$E$1004,2,FALSE) -> 0 | G10: انبار منطقه ای سیرجان | I10: دوربین مداربسته | J10: HIK VISION DS-2CD1067G2-L | K10: AG7241549 | L10: فاقد اموال | P10: نصب در انبار شهر
A11: AN362 | C11: آذر نیک اختر | D11: =VLOOKUP(C11,'لیست پرسنل'!$A$1:$E$1004,3,FALSE) -> فکورصنعت | E11: =VLOOKUP(C11,'لیست پرسنل'!$A$1:$E$1004,4,FALSE) -> سرپرست آی تی | F11: =VLOOKUP(C11,'لیست پرسنل'!$A$1:$E$1004,2,FALSE) -> 2210 | G11: توسعه فولاد (362) | I11: دوربین مداربسته | J11: DAHUA DH-IPC-HFW2831TP-AS-S10 | K11: 9C0B450PAG2D260 | L11: فاقد کد اموال
A12: AN362 | C12: آذر نیک اختر | D12: =VLOOKUP(C12,'لیست پرسنل'!$A$1:$E$1004,3,FALSE) -> فکورصنعت | E12: =VLOOKUP(C12,'لیست پرسنل'!$A$1:$E$1004,4,FALSE) -> سرپرست آی تی | F12: =VLOOKUP(C12,'لیست پرسنل'!$A$1:$E$1004,2,FALSE) -> 2210 | G12: توسعه فولاد (362) | I12: دوربین مداربسته | J12: DAHUA DH-IPC-HFW2831TP-AS-S11 | K12: 9C0B450PAG97A29 | L12: فاقد کد اموال
A13: AN362 | C13: آذر نیک اختر | D13: =VLOOKUP(C13,'لیست پرسنل'!$A$1:$E$1004,3,FALSE) -> فکورصنعت | E13: =VLOOKUP(C13,'لیست پرسنل'!$A$1:$E$1004,4,FALSE) -> سرپرست آی تی | F13: =VLOOKUP(C13,'لیست پرسنل'!$A$1:$E$1004,2,FALSE) -> 2210 | G13: توسعه فولاد (362) | I13: دوربین مداربسته | J13: DAHUA DH-IPC-HFW2831TP-AS-S2 | K13: 7F02122PAG6F134 | L13: فاقد کد اموال
A14: AN362 | C14: آذر نیک اختر | D14: =VLOOKUP(C14,'لیست پرسنل'!$A$1:$E$1004,3,FALSE) -> فکورصنعت | E14: =VLOOKUP(C14,'لیست پرسنل'!$A$1:$E$1004,4,FALSE) -> سرپرست آی تی | F14: =VLOOKUP(C14,'لیست پرسنل'!$A$1:$E$1004,2,FALSE) -> 2210 | G14: توسعه فولاد (362) | I14: دوربین مداربسته | J14: DAHUA DH-IPC-HFW2831TP-AS-S3 | K14: 7F02122PAG8763C | L14: فاقد کد اموال
A15: AN362 | C15: آذر نیک اختر | D15: =VLOOKUP(C15,'لیست پرسنل'!$A$1:$E$1004,3,FALSE) -> فکورصنعت | E15: =VLOOKUP(C15,'لیست پرسنل'!$A$1:$E$1004,4,FALSE) -> سرپرست آی تی | F15: =VLOOKUP(C15,'لیست پرسنل'!$A$1:$E$1004,2,FALSE) -> 2210 | G15: توسعه فولاد (362) | I15: دوربین مداربسته | J15: DAHUA DH-IPC-HFW2831TP-AS-S4 | K15: 9C0B450PAGF276C | L15: فاقد کد اموال
A16: AN362 | C16: آذر نیک اختر | D16: =VLOOKUP(C16,'لیست پرسنل'!$A$1:$E$1004,3,FALSE) -> فکورصنعت | E16: =VLOOKUP(C16,'لیست پرسنل'!$A$1:$E$1004,4,FALSE) -> سرپرست آی تی | F16: =VLOOKUP(C16,'لیست پرسنل'!$A$1:$E$1004,2,FALSE) -> 2210 | G16: توسعه فولاد (362) | I16: دوربین مداربسته | J16: DAHUA DH-IPC-HFW2831TP-AS-S5 | K16: 9C0B450PAG7F53E | L16: فاقد کد اموال
A17: AN362 | C17: آذر نیک اختر | D17: =VLOOKUP(C17,'لیست پرسنل'!$A$1:$E$1004,3,FALSE) -> فکورصنعت | E17: =VLOOKUP(C17,'لیست پرسنل'!$A$1:$E$1004,4,FALSE) -> سرپرست آی تی | F17: =VLOOKUP(C17,'لیست پرسنل'!$A$1:$E$1004,2,FALSE) -> 2210 | G17: توسعه فولاد (362) | I17: دوربین مداربسته | J17: DAHUA DH-IPC-HFW2831TP-AS-S6 | K17: 9C0B450PAG3CF73 | L17: فاقد کد اموال
A18: AN362 | C18: آذر نیک اختر | D18: =VLOOKUP(C18,'لیست پرسنل'!$A$1:$E$1004,3,FALSE) -> فکورصنعت | E18: =VLOOKUP(C18,'لیست پرسنل'!$A$1:$E$1004,4,FALSE) -> سرپرست آی تی | F18: =VLOOKUP(C18,'لیست پرسنل'!$A$1:$E$1004,2,FALSE) -> 2210 | G18: توسعه فولاد (362) | I18: دوربین مداربسته | J18: DAHUA DH-IPC-HFW2831TP-AS-S7 | K18: 9C0B450PAG0419B | L18: فاقد کد اموال
A19: AN362 | C19: آذر نیک اختر | D19: =VLOOKUP(C19,'لیست پرسنل'!$A$1:$E$1004,3,FALSE) -> فکورصنعت | E19: =VLOOKUP(C19,'لیست پرسنل'!$A$1:$E$1004,4,FALSE) -> سرپرست آی تی | F19: =VLOOKUP(C19,'لیست پرسنل'!$A$1:$E$1004,2,FALSE) -> 2210 | G19: توسعه فولاد (362) | I19: دوربین مداربسته | J19: DAHUA DH-IPC-HFW2831TP-AS-S8 | K19: 9C0B450PAG33651 | L19: فاقد کد اموال
A20: AN362 | C20: آذر نیک اختر | D20: =VLOOKUP(C20,'لیست پرسنل'!$A$1:$E$1004,3,FALSE) -> فکورصنعت | E20: =VLOOKUP(C20,'لیست پرسنل'!$A$1:$E$1004,4,FALSE) -> سرپرست آی تی | F20: =VLOOKUP(C20,'لیست پرسنل'!$A$1:$E$1004,2,FALSE) -> 2210 | G20: توسعه فولاد (362) | I20: دوربین مداربسته | J20: DAHUA DH-IPC-HFW2831TP-AS-S9 | K20: 9C0B450PAG7DC41 | L20: فاقد کد اموال
A21: AN362 | C21: آذر نیک اختر | D21: =VLOOKUP(C21,'لیست پرسنل'!$A$1:$E$1004,3,FALSE) -> فکورصنعت | E21: =VLOOKUP(C21,'لیست پرسنل'!$A$1:$E$1004,4,FALSE) -> سرپرست آی تی | F21: =VLOOKUP(C21,'لیست پرسنل'!$A$1:$E$1004,2,FALSE) -> 2210 | G21: توسعه فولاد (362) | I21: دوربین مداربسته | J21: DAHUA DH-IPC-HFW3449EP-AS-LED | K21: 8A0424FPAG2C361 | L21: فاقد کد اموال | P21: جهت درخواست واحد پشتیبانی
A22: AN362 | C22: آذر نیک اختر | D22: =VLOOKUP(C22,'لیست پرسنل'!$A$1:$E$1004,3,FALSE) -> فکورصنعت | E22: =VLOOKUP(C22,'لیست پرسنل'!$A$1:$E$1004,4,FALSE) -> سرپرست آی تی | F22: =VLOOKUP(C22,'لیست پرسنل'!$A$1:$E$1004,2,FALSE) -> 2210 | G22: توسعه فولاد (362) | I22: دوربین مداربسته | J22: DAHUA DH-IPC-HFW3449EP-AS-LED | K22: 9F0104BPAG8CAB6 | L22: فاقد کد اموال | P22: جهت درخواست واحد پشتیبانی
A23: AN362 | C23: آذر نیک اختر | D23: =VLOOKUP(C23,'لیست پرسنل'!$A$1:$E$1004,3,FALSE) -> فکورصنعت | E23: =VLOOKUP(C23,'لیست پرسنل'!$A$1:$E$1004,4,FALSE) -> سرپرست آی تی | F23: =VLOOKUP(C23,'لیست پرسنل'!$A$1:$E$1004,2,FALSE) -> 2210 | G23: توسعه فولاد (362) | I23: دوربین مداربسته | J23: DAHUA DH-IPC-HFW3449EP-AS-LED | K23: 9F0104BPAGF0822 | L23: فاقد کد اموال | P23: جهت درخواست واحد پشتیبانی
A24: AN362 | C24: آذر نیک اختر | D24: =VLOOKUP(C24,'لیست پرسنل'!$A$1:$E$1004,3,FALSE) -> فکورصنعت | E24: =VLOOKUP(C24,'لیست پرسنل'!$A$1:$E$1004,4,FALSE) -> سرپرست آی تی | F24: =VLOOKUP(C24,'لیست پرسنل'!$A$1:$E$1004,2,FALSE) -> 2210 | G24: توسعه فولاد (362) | I24: دوربین مداربسته | J24: DAHUA DH-IPC-HFW3449EP-AS-LED | K24: 8A0424FPAGAC3EA | L24: فاقد کد اموال | P24: جهت درخواست واحد پشتیبانی
A25: AN362 | C25: آذر نیک اختر | D25: =VLOOKUP(C25,'لیست پرسنل'!$A$1:$E$1004,3,FALSE) -> فکورصنعت | E25: =VLOOKUP(C25,'لیست پرسنل'!$A$1:$E$1004,4,FALSE) -> سرپرست آی تی | F25: =VLOOKUP(C25,'لیست پرسنل'!$A$1:$E$1004,2,FALSE) -> 2210 | G25: توسعه فولاد (362) | I25: دوربین مداربسته | J25: DAHUA DH-IPC-HFW3449EP-AS-LED | K25: 9F0104BPAG30D6F | L25: فاقد کد اموال | P25: جهت درخواست واحد پشتیبانی
A26: AN362 | C26: آذر نیک اختر | D26: =VLOOKUP(C26,'لیست پرسنل'!$A$1:$E$1004,3,FALSE) -> فکورصنعت | E26: =VLOOKUP(C26,'لیست پرسنل'!$A$1:$E$1004,4,FALSE) -> سرپرست آی تی | F26: =VLOOKUP(C26,'لیست پرسنل'!$A$1:$E$1004,2,FALSE) -> 2210 | G26: توسعه فولاد (362) | I26: دوربین مداربسته | J26: DAHUA DH-IPC-HFW3449EP-AS-LED | K26: 9F0104BPAG301CF | L26: فاقد کد اموال | P26: جهت درخواست واحد پشتیبانی
A27: AN362 | C27: آذر نیک اختر | D27: =VLOOKUP(C27,'لیست پرسنل'!$A$1:$E$1004,3,FALSE) -> فکورصنعت | E27: =VLOOKUP(C27,'لیست پرسنل'!$A$1:$E$1004,4,FALSE) -> سرپرست آی تی | F27: =VLOOKUP(C27,'لیست پرسنل'!$A$1:$E$1004,2,FALSE) -> 2210 | G27: توسعه فولاد (362) | I27: دوربین مداربسته | J27: DAHUA DH-IPC-HFW3449EP-AS-LED | K27: 9F0104BPAG29168 | L27: فاقد کد اموال | P27: جهت درخواست واحد پشتیبانی
A28: AN362 | C28: آذر نیک اختر | D28: =VLOOKUP(C28,'لیست پرسنل'!$A$1:$E$1004,3,FALSE) -> فکورصنعت | E28: =VLOOKUP(C28,'لیست پرسنل'!$A$1:$E$1004,4,FALSE) -> سرپرست آی تی | F28: =VLOOKUP(C28,'لیست پرسنل'!$A$1:$E$1004,2,FALSE) -> 2210 | G28: توسعه فولاد (362) | I28: دوربین مداربسته | J28: DAHUA DH-IPC-HFW3449EP-AS-LED | K28: 9F0104BPAG35224 | L28: فاقد کد اموال | P28: جهت درخواست واحد پشتیبانی
A29: AN362 | C29: آذر نیک اختر | D29: =VLOOKUP(C29,'لیست پرسنل'!$A$1:$E$1004,3,FALSE) -> فکورصنعت | E29: =VLOOKUP(C29,'لیست پرسنل'!$A$1:$E$1004,4,FALSE) -> سرپرست آی تی | F29: =VLOOKUP(C29,'لیست پرسنل'!$A$1:$E$1004,2,FALSE) -> 2210 | G29: توسعه فولاد (362) | I29: دوربین مداربسته | J29: DAHUA DH-IPC-HFW3449EP-AS-LED | K29: 9F0104BPAGFCE6C | L29: فاقد کد اموال | P29: جهت درخواست واحد پشتیبانی
A30: AN362 | C30: آذر نیک اختر | D30: =VLOOKUP(C30,'لیست پرسنل'!$A$1:$E$1004,3,FALSE) -> فکورصنعت | E30: =VLOOKUP(C30,'لیست پرسنل'!$A$1:$E$1004,4,FALSE) -> سرپرست آی تی | F30: =VLOOKUP(C30,'لیست پرسنل'!$A$1:$E$1004,2,FALSE) -> 2210 | G30: توسعه فولاد (362) | I30: دوربین مداربسته | J30: DAHUA DH-IPC-HFW3449EP-AS-LED | K30: 9F0104BPAGAED75 | L30: فاقد کد اموال | P30: جهت درخواست واحد پشتیبانی
A31: AN362 | C31: آذر نیک اختر | D31: =VLOOKUP(C31,'لیست پرسنل'!$A$1:$E$1004,3,FALSE) -> فکورصنعت | E31: =VLOOKUP(C31,'لیست پرسنل'!$A$1:$E$1004,4,FALSE) -> سرپرست آی تی | F31: =VLOOKUP(C31,'لیست پرسنل'!$A$1:$E$1004,2,FALSE) -> 2210 | G31: انبار آی تی توسعه فولاد (362) | I31: دوربین مداربسته | J31: دوربین برند HIK VISION | L31: فاقد کد اموال | P31: ارسالی از سه چاهون
A32: AN362 | C32: آذر نیک اختر | D32: =VLOOKUP(C32,'لیست پرسنل'!$A$1:$E$1004,3,FALSE) -> فکورصنعت | E32: =VLOOKUP(C32,'لیست پرسنل'!$A$1:$E$1004,4,FALSE) -> سرپرست آی تی | F32: =VLOOKUP(C32,'لیست پرسنل'!$A$1:$E$1004,2,FALSE) -> 2210 | G32: انبار آی تی توسعه فولاد (362) | I32: دوربین مداربسته | J32: دوربین برند HIK VISION | L32: فاقد کد اموال | P32: ارسالی از سه چاهون
A33: AN362 | C33: آذر نیک اختر | D33: =VLOOKUP(C33,'لیست پرسنل'!$A$1:$E$1004,3,FALSE) -> فکورصنعت | E33: =VLOOKUP(C33,'لیست پرسنل'!$A$1:$E$1004,4,FALSE) -> سرپرست آی تی | F33: =VLOOKUP(C33,'لیست پرسنل'!$A$1:$E$1004,2,FALSE) -> 2210 | G33: انبار آی تی توسعه فولاد (362) | I33: دوربین | J33: دوربین برند TOPICA | L33: فاقد کد اموال | P33: ارسالی از سه چاهون
A34: AN362 | C34: آذر نیک اختر | D34: =VLOOKUP(C34,'لیست پرسنل'!$A$1:$E$1004,3,FALSE) -> فکورصنعت | E34: =VLOOKUP(C34,'لیست پرسنل'!$A$1:$E$1004,4,FALSE) -> سرپرست آی تی | F34: =VLOOKUP(C34,'لیست پرسنل'!$A$1:$E$1004,2,FALSE) -> 2210 | G34: انبار آی تی توسعه فولاد (362) | I34: دوربین مداربسته | J34: DAHUA DH-IPC-HDW2439 | K34: 7E05100PAG5F3E9 | L34: فاقد اموال | N34: خوابگاه دماوند سیرجان جمع اوری شد | P34: نصب در درب ورودی انبار
A35: AN390 | C35: کوروش افشین | D35: =VLOOKUP(C35,'لیست پرسنل'!$A$1:$E$1004,3,FALSE) -> فکورصنعت | E35: =VLOOKUP(C35,'لیست پرسنل'!$A$1:$E$1004,4,FALSE) -> انبار | F35: =VLOOKUP(C35,'لیست پرسنل'!$A$1:$E$1004,2,FALSE) -> 1536 | G35: انبار روباز گلفا (390) | I35: دوربین مداربسته | J35: دوربین مدار بسته | L35: فاقد کد اموال | P35: نصب شده در انبار رو باز گلفا 390
A36: AN390 | C36: کوروش افشین | D36: =VLOOKUP(C36,'لیست پرسنل'!$A$1:$E$1004,3,FALSE) -> فکورصنعت | E36: =VLOOKUP(C36,'لیست پرسنل'!$A$1:$E$1004,4,FALSE) -> انبار | F36: =VLOOKUP(C36,'لیست پرسنل'!$A$1:$E$1004,2,FALSE) -> 1536 | G36: انبار روباز گلفا (390) | I36: دوربین مداربسته | J36: دوربین مدار بسته | L36: فاقد کد اموال | P36: نصب شده در انبار رو باز گلفا 390
A37: AN390 | C37: کوروش افشین | D37: =VLOOKUP(C37,'لیست پرسنل'!$A$1:$E$1004,3,FALSE) -> فکورصنعت | E37: =VLOOKUP(C37,'لیست پرسنل'!$A$1:$E$1004,4,FALSE) -> انبار | F37: =VLOOKUP(C37,'لیست پرسنل'!$A$1:$E$1004,2,FALSE) -> 1536 | G37: انبار روباز گلفا (390) | I37: دوربین مداربسته | J37: دوربین مدار بسته | L37: فاقد کد اموال | P37: نصب شده در انبار رو باز گلفا 390
A38: AN390 | C38: کوروش افشین | D38: =VLOOKUP(C38,'لیست پرسنل'!$A$1:$E$1004,3,FALSE) -> فکورصنعت | E38: =VLOOKUP(C38,'لیست پرسنل'!$A$1:$E$1004,4,FALSE) -> انبار | F38: =VLOOKUP(C38,'لیست پرسنل'!$A$1:$E$1004,2,FALSE) -> 1536 | G38: انبار روباز گلفا (390) | I38: دوربین مداربسته | J38: دوربین مدار بسته | L38: فاقد کد اموال | P38: نصب شده در انبار رو باز گلفا 390
A39: AN390 | C39: کوروش افشین | D39: =VLOOKUP(C39,'لیست پرسنل'!$A$1:$E$1004,3,FALSE) -> فکورصنعت | E39: =VLOOKUP(C39,'لیست پرسنل'!$A$1:$E$1004,4,FALSE) -> انبار | F39: =VLOOKUP(C39,'لیست پرسنل'!$A$1:$E$1004,2,FALSE) -> 1536 | G39: انبار روباز گلفا (390) | I39: دوربین مداربسته | J39: دوربین مدار بسته | L39: فاقد کد اموال | P39: نصب شده در انبار رو باز گلفا 390
A40: AN392 | C40: آذر نیک اختر | D40: =VLOOKUP(C40,'لیست پرسنل'!$A$1:$E$1004,3,FALSE) -> فکورصنعت | E40: =VLOOKUP(C40,'لیست پرسنل'!$A$1:$E$1004,4,FALSE) -> سرپرست آی تی | F40: =VLOOKUP(C40,'لیست پرسنل'!$A$1:$E$1004,2,FALSE) -> 2210 | G40: انبار آی تی خرامه (392) | I40: دوربین مداربسته | J40: HIK VISION DS-2CD1023G0E-I | L40: فاقد کد اموال | P40: تحویل گرفته شده از شرکت ماشین سازی ویژه - متعلق به پروژه خرامه
A41: AN392 | C41: آذر نیک اختر | D41: =VLOOKUP(C41,'لیست پرسنل'!$A$1:$E$1004,3,FALSE) -> فکورصنعت | E41: =VLOOKUP(C41,'لیست پرسنل'!$A$1:$E$1004,4,FALSE) -> سرپرست آی تی | F41: =VLOOKUP(C41,'لیست پرسنل'!$A$1:$E$1004,2,FALSE) -> 2210 | G41: انبار آی تی خرامه (392) | I41: دوربین مداربسته | J41: HIK VISION DS-2CD1023G0E-I | L41: فاقد کد اموال | P41: تحویل گرفته شده از شرکت ماشین سازی ویژه - متعلق به پروژه خرامه
A42: AN392 | C42: آذر نیک اختر | D42: =VLOOKUP(C42,'لیست پرسنل'!$A$1:$E$1004,3,FALSE) -> فکورصنعت | E42: =VLOOKUP(C42,'لیست پرسنل'!$A$1:$E$1004,4,FALSE) -> سرپرست آی تی | F42: =VLOOKUP(C42,'لیست پرسنل'!$A$1:$E$1004,2,FALSE) -> 2210 | G42: انبار آی تی خرامه (392) | I42: دوربین مداربسته | J42: HIK VISION DS-2CD1023G0E-I | L42: فاقد کد اموال | P42: تحویل گرفته شده از شرکت ماشین سازی ویژه - متعلق به پروژه خرامه
A43: AN392 | C43: آذر نیک اختر | D43: =VLOOKUP(C43,'لیست پرسنل'!$A$1:$E$1004,3,FALSE) -> فکورصنعت | E43: =VLOOKUP(C43,'لیست پرسنل'!$A$1:$E$1004,4,FALSE) -> سرپرست آی تی | F43: =VLOOKUP(C43,'لیست پرسنل'!$A$1:$E$1004,2,FALSE) -> 2210 | G43: انبار آی تی خرامه (392) | I43: دوربین مداربسته | J43: HIK VISION DS-2CD1023G0E-I | L43: فاقد کد اموال | P43: تحویل گرفته شده از شرکت ماشین سازی ویژه - متعلق به پروژه خرامه
A44: AN392 | C44: آذر نیک اختر | D44: =VLOOKUP(C44,'لیست پرسنل'!$A$1:$E$1004,3,FALSE) -> فکورصنعت | E44: =VLOOKUP(C44,'لیست پرسنل'!$A$1:$E$1004,4,FALSE) -> سرپرست آی تی | F44: =VLOOKUP(C44,'لیست پرسنل'!$A$1:$E$1004,2,FALSE) -> 2210 | G44: انبار آی تی خرامه (392) | I44: دوربین مداربسته | J44: HIK VISION DS-2CD1023G0E-I | L44: فاقد کد اموال | P44: تحویل گرفته شده از شرکت ماشین سازی ویژه - متعلق به پروژه خرامه
A45: AN392 | C45: آذر نیک اختر | D45: =VLOOKUP(C45,'لیست پرسنل'!$A$1:$E$1004,3,FALSE) -> فکورصنعت | E45: =VLOOKUP(C45,'لیست پرسنل'!$A$1:$E$1004,4,FALSE) -> سرپرست آی تی | F45: =VLOOKUP(C45,'لیست پرسنل'!$A$1:$E$1004,2,FALSE) -> 2210 | G45: انبار آی تی خرامه (392) | I45: دوربین مداربسته | J45: HIK VISION DS-2CD1023G0E-I | L45: فاقد کد اموال | P45: تحویل گرفته شده از شرکت ماشین سازی ویژه - متعلق به پروژه خرامه
A46: AN392 | C46: آذر نیک اختر | D46: =VLOOKUP(C46,'لیست پرسنل'!$A$1:$E$1004,3,FALSE) -> فکورصنعت | E46: =VLOOKUP(C46,'لیست پرسنل'!$A$1:$E$1004,4,FALSE) -> سرپرست آی تی | F46: =VLOOKUP(C46,'لیست پرسنل'!$A$1:$E$1004,2,FALSE) -> 2210 | G46: انبار آی تی خرامه (392) | I46: دوربین مداربسته | J46: HIK VISION DS-2CD1023G0E-I | L46: فاقد کد اموال | P46: تحویل گرفته شده از شرکت ماشین سازی ویژه - متعلق به پروژه خرامه
... A65: AN392 | C65: آذر نیک اختر | D65: =VLOOKUP(C65,'لیست پرسنل'!$A$1:$E$1004,3,FALSE) -> فکورصنعت | E65: =VLOOKUP(C65,'لیست پرسنل'!$A$1:$E$1004,4,FALSE) -> سرپرست آی تی | F65: =VLOOKUP(C65,'لیست پرسنل'!$A$1:$E$1004,2,FALSE) -> 2210 | G65: انبار آی تی خرامه (392) | I65: دوربین مداربسته | J65: HIK VISION DS-2DE4425IW-DE | L65: فاقد کد اموال | P65: تحویل گرفته شده از شرکت ماشین سازی ویژه - متعلق به پروژه خرامه
A66: C10 | C66: علی رشیدی مقدم | D66: =VLOOKUP(C66,'لیست پرسنل'!$A$1:$E$1004,3,FALSE) -> فکورصنعت | E66: =VLOOKUP(C66,'لیست پرسنل'!$A$1:$E$1004,4,FALSE) -> سرپرست مهمانسراهای سیرجان | F66: =VLOOKUP(C66,'لیست پرسنل'!$A$1:$E$1004,2,FALSE) -> 990904 | G66: خوابگاه 12 واحدی مولوی | I66: دوربین مداربسته | J66: DAHUA DH-IPC-HDW2439 | K66: 7H06CFBPAGB0463 | L66: فاقد اموال | N66: خوابگاه دماوند سیرجان جمع اوری شد
A67: C10 | C67: علی رشیدی مقدم | D67: =VLOOKUP(C67,'لیست پرسنل'!$A$1:$E$1004,3,FALSE) -> فکورصنعت | E67: =VLOOKUP(C67,'لیست پرسنل'!$A$1:$E$1004,4,FALSE) -> سرپرست مهمانسراهای سیرجان | F67: =VLOOKUP(C67,'لیست پرسنل'!$A$1:$E$1004,2,FALSE) -> 990904 | G67: خوابگاه كارشناسان سيرجان (سنايي) | I67: دوربین مداربسته | J67: DAHUA DH-IPC-HDW2439 | K67: 7E05100PAG372F6 | L67: فاقد اموال | N67: خوابگاه دماوند سیرجان جمع اوری شد
A68: C10 | C68: علی رشیدی مقدم | D68: =VLOOKUP(C68,'لیست پرسنل'!$A$1:$E$1004,3,FALSE) -> فکورصنعت | E68: =VLOOKUP(C68,'لیست پرسنل'!$A$1:$E$1004,4,FALSE) -> سرپرست مهمانسراهای سیرجان | F68: =VLOOKUP(C68,'لیست پرسنل'!$A$1:$E$1004,2,FALSE) -> 990904 | G68: خوابگاه كارشناسان سيرجان (سنايي) | I68: دوربین مداربسته | J68: DAHUA DH-IPC-HDW2439 | K68: 7E05100PAG61AC8 | L68: فاقد اموال | N68: خوابگاه دماوند سیرجان جمع اوری شد
A69: C10 | C69: علی رشیدی مقدم | D69: =VLOOKUP(C69,'لیست پرسنل'!$A$1:$E$1004,3,FALSE) -> فکورصنعت | E69: =VLOOKUP(C69,'لیست پرسنل'!$A$1:$E$1004,4,FALSE) -> سرپرست مهمانسراهای سیرجان | F69: =VLOOKUP(C69,'لیست پرسنل'!$A$1:$E$1004,2,FALSE) -> 990904 | G69: خوابگاه كارشناسان سيرجان (سنايي) | I69: دوربین مداربسته | J69: DAHUA DH-IPC-HDW2439 | K69: 7E05100PAGE2350 | L69: فاقد اموال | N69: خوابگاه دماوند سیرجان جمع اوری شد
A70: C10 | C70: علی رشیدی مقدم | D70: =VLOOKUP(C70,'لیست پرسنل'!$A$1:$E$1004,3,FALSE) -> فکورصنعت | E70: =VLOOKUP(C70,'لیست پرسنل'!$A$1:$E$1004,4,FALSE) -> سرپرست مهمانسراهای سیرجان | F70: =VLOOKUP(C70,'لیست پرسنل'!$A$1:$E$1004,2,FALSE) -> 990904 | G70: خوابگاه كارشناسان سيرجان (سنايي) | I70: دوربین مداربسته | J70: DAHUA DH-IPC-HDW2439 | K70: 7E05100PAGA62F1 | L70: فاقد اموال | N70: خوابگاه دماوند سیرجان جمع اوری شد
A71: C19 | C71: حسن عبدی | D71: =VLOOKUP(C71,'لیست پرسنل'!$A$1:$E$1004,3,FALSE) -> فکورصنعت | E71: =VLOOKUP(C71,'لیست پرسنل'!$A$1:$E$1004,4,FALSE) -> سرپرست انبار | F71: =VLOOKUP(C71,'لیست پرسنل'!$A$1:$E$1004,2,FALSE) -> 3754 | G71: انبار روباز خرامه (392) | I71: دوربین مداربسته | J71: IP Camera HIKVISION DS2CD1143G0L | L71: فاقد کد اموال | P71: نصب در انبار
A72: C19 | C72: حسن عبدی | D72: =VLOOKUP(C72,'لیست پرسنل'!$A$1:$E$1004,3,FALSE) -> فکورصنعت | E72: =VLOOKUP(C72,'لیست پرسنل'!$A$1:$E$1004,4,FALSE) -> سرپرست انبار | F72: =VLOOKUP(C72,'لیست پرسنل'!$A$1:$E$1004,2,FALSE) -> 3754 | G72: انبار روباز خرامه (392) | I72: دوربین مداربسته | J72: IP Camera HIKVISION DS2CD1143G0L | L72: فاقد کد اموال | P72: نصب در انبار
A73: C19 | C73: حسن عبدی | D73: =VLOOKUP(C73,'لیست پرسنل'!$A$1:$E$1004,3,FALSE) -> فکورصنعت | E73: =VLOOKUP(C73,'لیست پرسنل'!$A$1:$E$1004,4,FALSE) -> سرپرست انبار | F73: =VLOOKUP(C73,'لیست پرسنل'!$A$1:$E$1004,2,FALSE) -> 3754 | G73: انبار روباز خرامه (392) | I73: دوربین مداربسته | J73: IP Camera HIKVISION DS2CD1143G0L | L73: فاقد کد اموال | P73: نصب در انبار
A74: C19 | C74: حسن عبدی | D74: =VLOOKUP(C74,'لیست پرسنل'!$A$1:$E$1004,3,FALSE) -> فکورصنعت | E74: =VLOOKUP(C74,'لیست پرسنل'!$A$1:$E$1004,4,FALSE) -> سرپرست انبار | F74: =VLOOKUP(C74,'لیست پرسنل'!$A$1:$E$1004,2,FALSE) -> 3754 | G74: انبار روباز خرامه (392) | I74: دوربین مداربسته | J74: IP Camera HIKVISION DS2CD1143G0L | L74: فاقد کد اموال | P74: نصب در انبار
A75: C19 | C75: حسن عبدی | D75: =VLOOKUP(C75,'لیست پرسنل'!$A$1:$E$1004,3,FALSE) -> فکورصنعت | E75: =VLOOKUP(C75,'لیست پرسنل'!$A$1:$E$1004,4,FALSE) -> سرپرست انبار | F75: =VLOOKUP(C75,'لیست پرسنل'!$A$1:$E$1004,2,FALSE) -> 3754 | G75: انبار روباز خرامه (392) | I75: دوربین مداربسته | J75: IP Camera HIKVISION DS2CD1143G0L | L75: فاقد کد اموال | P75: نصب در انبار
A76: C19 | C76: حسن عبدی | D76: =VLOOKUP(C76,'لیست پرسنل'!$A$1:$E$1004,3,FALSE) -> فکورصنعت | E76: =VLOOKUP(C76,'لیست پرسنل'!$A$1:$E$1004,4,FALSE) -> سرپرست انبار | F76: =VLOOKUP(C76,'لیست پرسنل'!$A$1:$E$1004,2,FALSE) -> 3754 | G76: انبار روباز خرامه (392) | I76: دوربین مداربسته | J76: IP Camera HIKVISION DS2CD1143G0L | L76: فاقد کد اموال | P76: نصب در انبار
A77: C19 | C77: حسن عبدی | D77: =VLOOKUP(C77,'لیست پرسنل'!$A$1:$E$1004,3,FALSE) -> فکورصنعت | E77: =VLOOKUP(C77,'لیست پرسنل'!$A$1:$E$1004,4,FALSE) -> سرپرست انبار | F77: =VLOOKUP(C77,'لیست پرسنل'!$A$1:$E$1004,2,FALSE) -> 3754 | G77: انبار روباز خرامه (392) | I77: دوربین مداربسته | J77: IP Camera HIKVISION DS2CD1143G0L | L77: فاقد کد اموال | P77: نصب در انبار
A78: C19 | C78: حسن عبدی | D78: =VLOOKUP(C78,'لیست پرسنل'!$A$1:$E$1004,3,FALSE) -> فکورصنعت | E78: =VLOOKUP(C78,'لیست پرسنل'!$A$1:$E$1004,4,FALSE) -> سرپرست انبار | F78: =VLOOKUP(C78,'لیست پرسنل'!$A$1:$E$1004,2,FALSE) -> 3754 | G78: انبار روباز خرامه (392) | I78: دوربین مداربسته | J78: IP Camera HIKVISION DS2CD1143G0L | L78: فاقد کد اموال | P78: نصب در انبار
A79: C19 | C79: حسن عبدی | D79: =VLOOKUP(C79,'لیست پرسنل'!$A$1:$E$1004,3,FALSE) -> فکورصنعت | E79: =VLOOKUP(C79,'لیست پرسنل'!$A$1:$E$1004,4,FALSE) -> سرپرست انبار | F79: =VLOOKUP(C79,'لیست پرسنل'!$A$1:$E$1004,2,FALSE) -> 3754 | G79: انبار روباز خرامه (392) | I79: دوربین مداربسته | J79: IP Camera HIKVISION DS2CD1143G0L | L79: فاقد کد اموال | P79: نصب در انبار
A80: C19 | C80: حسن عبدی | D80: =VLOOKUP(C80,'لیست پرسنل'!$A$1:$E$1004,3,FALSE) -> فکورصنعت | E80: =VLOOKUP(C80,'لیست پرسنل'!$A$1:$E$1004,4,FALSE) -> سرپرست انبار | F80: =VLOOKUP(C80,'لیست پرسنل'!$A$1:$E$1004,2,FALSE) -> 3754 | G80: انبار روباز خرامه (392) | I80: دوربین مداربسته | J80: IP Camera HIKVISION DS2CD1143G0L | L80: فاقد کد اموال | P80: نصب در انبار
A81: C19 | C81: حسن عبدی | D81: =VLOOKUP(C81,'لیست پرسنل'!$A$1:$E$1004,3,FALSE) -> فکورصنعت | E81: =VLOOKUP(C81,'لیست پرسنل'!$A$1:$E$1004,4,FALSE) -> سرپرست انبار | F81: =VLOOKUP(C81,'لیست پرسنل'!$A$1:$E$1004,2,FALSE) -> 3754 | G81: انبار روباز خرامه (392) | I81: دوربین مداربسته | J81: IP Camera HIKVISION DS2CD1143G0L | L81: فاقد کد اموال | P81: نصب در انبار
A82: C19 | C82: حسن عبدی | D82: =VLOOKUP(C82,'لیست پرسنل'!$A$1:$E$1004,3,FALSE) -> فکورصنعت | E82: =VLOOKUP(C82,'لیست پرسنل'!$A$1:$E$1004,4,FALSE) -> سرپرست انبار | F82: =VLOOKUP(C82,'لیست پرسنل'!$A$1:$E$1004,2,FALSE) -> 3754 | G82: انبار روباز خرامه (392) | I82: دوربین مداربسته | J82: IP Camera HIKVISION DS2CD1143G0L | L82: فاقد کد اموال | P82: نصب در انبار
A83: C27 | C83: احسان توحیدی | D83: =VLOOKUP(C83,'لیست پرسنل'!$A$1:$E$1004,3,FALSE) -> فکورصنعت | E83: =VLOOKUP(C83,'لیست پرسنل'!$A$1:$E$1004,4,FALSE) -> مدیر پروژه مرکز تحقیقات | F83: =VLOOKUP(C83,'لیست پرسنل'!$A$1:$E$1004,2,FALSE) -> 774 | G83: سایت مرکز تحقیقات (438) | I83: دوربین مداربسته | J83: DAHUA DH-IPC-HFW3449EP-AS-LED | K83: 9H038DBPAG9BB1D | L83: فاقد کد اموال | P83: نصب شده در انبار سایت مرکز تحقیقات
A84: C27 | C84: مهدی قاسمی افشار | D84: =VLOOKUP(C84,'لیست پرسنل'!$A$1:$E$1004,3,FALSE) -> فکورصنعت | E84: =VLOOKUP(C84,'لیست پرسنل'!$A$1:$E$1004,4,FALSE) -> مالی - اداری | F84: =VLOOKUP(C84,'لیست پرسنل'!$A$1:$E$1004,2,FALSE) -> 1526 | G84: سایت مرکز تحقیقات (438) | I84: دوربین مداربسته | J84: HIKVISION DS-2CD2047G2-L | K84: J13188570 | L84: فاقد کد اموال | P84: IP : 172.16.27.202 + نصب شده در پروژه
A85: C2 | C85: مسعود شعبانعلی لواسانی | D85: =VLOOKUP(C85,'لیست پرسنل'!$A$1:$E$1004,3,FALSE) -> فکورصنعت | E85: =VLOOKUP(C85,'لیست پرسنل'!$A$1:$E$1004,4,FALSE) -> ایمنی | F85: =VLOOKUP(C85,'لیست پرسنل'!$A$1:$E$1004,2,FALSE) -> 98132 | G85: طب کار توسعه فولاد (362) | I85: دوربین مداربسته | J85: دوربین هایک ویژن | K85: AG7241516 | L85: فاقد کد اموال
A86: C3 | C86: عبدالحمید اکبری | D86: =VLOOKUP(C86,'لیست پرسنل'!$A$1:$E$1004,3,FALSE) -> فکورصنعت | E86: =VLOOKUP(C86,'لیست پرسنل'!$A$1:$E$1004,4,FALSE) -> انبار | F86: =VLOOKUP(C86,'لیست پرسنل'!$A$1:$E$1004,2,FALSE) -> 98141 | G86: انبار نسوز توسعه فولاد (362) | I86: دوربین مداربسته | J86: Hik DS-2CD2T43G2-4I | K86: جهت دوربین های انبار نسوز | L86: فاقد کداموال
A87: C3 | C87: عبدالحمید اکبری | D87: =VLOOKUP(C87,'لیست پرسنل'!$A$1:$E$1004,3,FALSE) -> فکورصنعت | E87: =VLOOKUP(C87,'لیست پرسنل'!$A$1:$E$1004,4,FALSE) -> انبار | F87: =VLOOKUP(C87,'لیست پرسنل'!$A$1:$E$1004,2,FALSE) -> 98141 | G87: انبار نسوز توسعه فولاد (362) | I87: دوربین مداربسته | J87: Hik DS-2CD2T43G2-4I | K87: جهت دوربین های انبار نسوز | L87: فاقد کداموال
A88: C3 | C88: عبدالحمید اکبری | D88: =VLOOKUP(C88,'لیست پرسنل'!$A$1:$E$1004,3,FALSE) -> فکورصنعت | E88: =VLOOKUP(C88,'لیست پرسنل'!$A$1:$E$1004,4,FALSE) -> انبار | F88: =VLOOKUP(C88,'لیست پرسنل'!$A$1:$E$1004,2,FALSE) -> 98141 | G88: انبار نسوز توسعه فولاد (362) | I88: دوربین مداربسته | J88: Hik DS-2CD2T43G2-4I | K88: جهت دوربین های انبار نسوز | L88: فاقد کداموال
A89: C3 | C89: عبدالحمید اکبری | D89: =VLOOKUP(C89,'لیست پرسنل'!$A$1:$E$1004,3,FALSE) -> فکورصنعت | E89: =VLOOKUP(C89,'لیست پرسنل'!$A$1:$E$1004,4,FALSE) -> انبار | F89: =VLOOKUP(C89,'لیست پرسنل'!$A$1:$E$1004,2,FALSE) -> 98141 | G89: انبار نسوز توسعه فولاد (362) | I89: دوربین مداربسته | J89: Hik DS-2CD2T43G2-4I | K89: جهت دوربین های انبار نسوز | L89: فاقد کداموال
A90: C3 | C90: عبدالحمید اکبری | D90: =VLOOKUP(C90,'لیست پرسنل'!$A$1:$E$1004,3,FALSE) -> فکورصنعت | E90: =VLOOKUP(C90,'لیست پرسنل'!$A$1:$E$1004,4,FALSE) -> انبار | F90: =VLOOKUP(C90,'لیست پرسنل'!$A$1:$E$1004,2,FALSE) -> 98141 | G90: انبار نسوز توسعه فولاد (362) | I90: دوربین مداربسته | J90: Hik DS-2CD2T43G2-4I | K90: جهت دوربین های انبار نسوز | L90: فاقد کداموال
A91: C3 | C91: عبدالحمید اکبری | D91: =VLOOKUP(C91,'لیست پرسنل'!$A$1:$E$1004,3,FALSE) -> فکورصنعت | E91: =VLOOKUP(C91,'لیست پرسنل'!$A$1:$E$1004,4,FALSE) -> انبار | F91: =VLOOKUP(C91,'لیست پرسنل'!$A$1:$E$1004,2,FALSE) -> 98141 | G91: انبار نسوز توسعه فولاد (362) | I91: دوربین مداربسته | J91: Hik DS-2CD2T43G2-4I | K91: جهت دوربین های انبار نسوز | L91: فاقد کداموال
A92: C3 | C92: عبدالحمید اکبری | D92: =VLOOKUP(C92,'لیست پرسنل'!$A$1:$E$1004,3,FALSE) -> فکورصنعت | E92: =VLOOKUP(C92,'لیست پرسنل'!$A$1:$E$1004,4,FALSE) -> انبار | F92: =VLOOKUP(C92,'لیست پرسنل'!$A$1:$E$1004,2,FALSE) -> 98141 | G92: انبار نسوز توسعه فولاد (362) | I92: دوربین مداربسته | J92: Hik DS-2CD2T43G2-4I | K92: جهت دوربین های انبار نسوز | L92: فاقد کداموال
A93: C3 | C93: عبدالحمید اکبری | D93: =VLOOKUP(C93,'لیست پرسنل'!$A$1:$E$1004,3,FALSE) -> فکورصنعت | E93: =VLOOKUP(C93,'لیست پرسنل'!$A$1:$E$1004,4,FALSE) -> انبار | F93: =VLOOKUP(C93,'لیست پرسنل'!$A$1:$E$1004,2,FALSE) -> 98141 | G93: انبار نسوز توسعه فولاد (362) | I93: دوربین مداربسته | J93: Hik DS-2CD2T43G2-4I | K93: جهت دوربین های انبار نسوز | L93: فاقد کداموال
A94: C3 | C94: عبدالحمید اکبری | D94: =VLOOKUP(C94,'لیست پرسنل'!$A$1:$E$1004,3,FALSE) -> فکورصنعت | E94: =VLOOKUP(C94,'لیست پرسنل'!$A$1:$E$1004,4,FALSE) -> انبار | F94: =VLOOKUP(C94,'لیست پرسنل'!$A$1:$E$1004,2,FALSE) -> 98141 | G94: انبار نسوز توسعه فولاد (362) | I94: دوربین مداربسته | J94: Hik DS-2CD2T43G2-4I | K94: جهت دوربین های انبار نسوز | L94: فاقد کداموال
A95: C3 | C95: عبدالحمید اکبری | D95: =VLOOKUP(C95,'لیست پرسنل'!$A$1:$E$1004,3,FALSE) -> فکورصنعت | E95: =VLOOKUP(C95,'لیست پرسنل'!$A$1:$E$1004,4,FALSE) -> انبار | F95: =VLOOKUP(C95,'لیست پرسنل'!$A$1:$E$1004,2,FALSE) -> 98141 | G95: انبار نسوز توسعه فولاد (362) | I95: دوربین مداربسته | J95: Hik DS-2CD2T43G2-4I | K95: جهت دوربین های انبار نسوز | L95: فاقد کداموال
A96: C3 | C96: عبدالحمید اکبری | D96: =VLOOKUP(C96,'لیست پرسنل'!$A$1:$E$1004,3,FALSE) -> فکورصنعت | E96: =VLOOKUP(C96,'لیست پرسنل'!$A$1:$E$1004,4,FALSE) -> انبار | F96: =VLOOKUP(C96,'لیست پرسنل'!$A$1:$E$1004,2,FALSE) -> 98141 | G96: انبار نسوز توسعه فولاد (362) | I96: دوربین مداربسته | J96: Hik DS-2CD2T43G2-4I | K96: جهت دوربین های انبار نسوز | L96: فاقد کداموال
... A114: C3 | C114: فرزاد نیکخواه | D114: =VLOOKUP(C114,'لیست پرسنل'!$A$1:$E$1004,3,FALSE) -> فکورصنعت | E114: =VLOOKUP(C114,'لیست پرسنل'!$A$1:$E$1004,4,FALSE) -> مدیر سایت توسعه | F114: =VLOOKUP(C114,'لیست پرسنل'!$A$1:$E$1004,2,FALSE) -> 991101 | G114: آشپزخانه توسعه فولاد (362) | I114: دوربین | J114: HIK VISION IP CAMERA | K114: DS-2CD1023GOE | L114: فاقد کد اموال
A115: C5 | C115: علیرضا باریکانی | D115: =VLOOKUP(C115,'لیست پرسنل'!$A$1:$E$1004,3,FALSE) -> فکورصنعت | E115: =VLOOKUP(C115,'لیست پرسنل'!$A$1:$E$1004,4,FALSE) -> مدیر سایت مرکز تحقیقات | F115: =VLOOKUP(C115,'لیست پرسنل'!$A$1:$E$1004,2,FALSE) -> 513 | G115: پلیکام (394) | I115: دوربین | J115: Camera Raster RS-IP4500DA2 | K115: RS-IP4500DA220160620BBWR613565271 | L115: فاقد کد اموال | P115: نصب شده بالای سر دستگاه ساعت زنی
A116: C5 | C116: کاظم برزمند | D116: =VLOOKUP(C116,'لیست پرسنل'!$A$1:$E$1004,3,FALSE) -> فکورصنعت | E116: =VLOOKUP(C116,'لیست پرسنل'!$A$1:$E$1004,4,FALSE) -> انبار | F116: =VLOOKUP(C116,'لیست پرسنل'!$A$1:$E$1004,2,FALSE) -> 1348 | G116: (394) پلیکام | I116: دوربین | J116: DH-HFW1200DP | K116: 6H04906PAA33CDA | L116: فاقد کداموال | P116: جمع آوری شده از سایت-موجود در انبار برزمند
A117: C5 | C117: کاظم برزمند | D117: =VLOOKUP(C117,'لیست پرسنل'!$A$1:$E$1004,3,FALSE) -> فکورصنعت | E117: =VLOOKUP(C117,'لیست پرسنل'!$A$1:$E$1004,4,FALSE) -> انبار | F117: =VLOOKUP(C117,'لیست پرسنل'!$A$1:$E$1004,2,FALSE) -> 1348 | G117: (394) پلیکام | I117: دوربین | J117: DH-HFW1200DP | K117: 6F03464PARFB166 | L117: فاقد کداموال | P117: جمع آوری شده از سایت-موجود در انبار برزمند
A118: C5 | C118: کاظم برزمند | D118: =VLOOKUP(C118,'لیست پرسنل'!$A$1:$E$1004,3,FALSE) -> فکورصنعت | E118: =VLOOKUP(C118,'لیست پرسنل'!$A$1:$E$1004,4,FALSE) -> انبار | F118: =VLOOKUP(C118,'لیست پرسنل'!$A$1:$E$1004,2,FALSE) -> 1348 | G118: (394) پلیکام | I118: دوربین | J118: DH-HFW1200DP | K118: 6H04000PAAC7004 | L118: فاقد کداموال | P118: جمع آوری شده از سایت-موجود در انبار برزمند
A119: C5 | C119: کاظم برزمند | D119: =VLOOKUP(C119,'لیست پرسنل'!$A$1:$E$1004,3,FALSE) -> فکورصنعت | E119: =VLOOKUP(C119,'لیست پرسنل'!$A$1:$E$1004,4,FALSE) -> انبار | F119: =VLOOKUP(C119,'لیست پرسنل'!$A$1:$E$1004,2,FALSE) -> 1348 | G119: (394) پلیکام | I119: دوربین | J119: DH-HFW1200DP | K119: 5K03E9EPAA0FCDF | L119: فاقد کداموال | P119: جمع آوری شده از سایت-موجود در انبار برزمند
A120: C5 | C120: کاظم برزمند | D120: =VLOOKUP(C120,'لیست پرسنل'!$A$1:$E$1004,3,FALSE) -> فکورصنعت | E120: =VLOOKUP(C120,'لیست پرسنل'!$A$1:$E$1004,4,FALSE) -> انبار | F120: =VLOOKUP(C120,'لیست پرسنل'!$A$1:$E$1004,2,FALSE) -> 1348 | G120: (394) پلیکام | I120: دوربین | J120: DH-HFW1200DP | K120: 6H04906PAAA1EDA | L120: فاقد کداموال | P120: جمع آوری شده از سایت-موجود در انبار برزمند
A121: C5 | C121: کاظم برزمند | D121: =VLOOKUP(C121,'لیست پرسنل'!$A$1:$E$1004,3,FALSE) -> فکورصنعت | E121: =VLOOKUP(C121,'لیست پرسنل'!$A$1:$E$1004,4,FALSE) -> انبار | F121: =VLOOKUP(C121,'لیست پرسنل'!$A$1:$E$1004,2,FALSE) -> 1348 | G121: (394) پلیکام | I121: دوربین | J121: DH-HFW1200DP | K121: 6F03464PAR1135F | L121: فاقد کداموال | P121: جمع آوری شده از سایت-موجود در انبار برزمند
A122: C5 | C122: کاظم برزمند | D122: =VLOOKUP(C122,'لیست پرسنل'!$A$1:$E$1004,3,FALSE) -> فکورصنعت | E122: =VLOOKUP(C122,'لیست پرسنل'!$A$1:$E$1004,4,FALSE) -> انبار | F122: =VLOOKUP(C122,'لیست پرسنل'!$A$1:$E$1004,2,FALSE) -> 1348 | G122: (394) پلیکام | I122: دوربین | J122: DH-HFW1200DP | K122: 6H04906PAAC0000 | L122: فاقد کداموال | P122: جمع آوری شده از سایت-موجود در انبار برزمند
A123: C5 | C123: کاظم برزمند | D123: =VLOOKUP(C123,'لیست پرسنل'!$A$1:$E$1004,3,FALSE) -> فکورصنعت | E123: =VLOOKUP(C123,'لیست پرسنل'!$A$1:$E$1004,4,FALSE) -> انبار | F123: =VLOOKUP(C123,'لیست پرسنل'!$A$1:$E$1004,2,FALSE) -> 1348 | G123: (394) پلیکام | I123: دوربین | J123: DH-HFW1200DP | K123: 6H04906PAA66752 | L123: فاقد کداموال | P123: جمع آوری شده از سایت-موجود در انبار برزمند
A124: C5 | C124: کاظم برزمند | D124: =VLOOKUP(C124,'لیست پرسنل'!$A$1:$E$1004,3,FALSE) -> فکورصنعت | E124: =VLOOKUP(C124,'لیست پرسنل'!$A$1:$E$1004,4,FALSE) -> انبار | F124: =VLOOKUP(C124,'لیست پرسنل'!$A$1:$E$1004,2,FALSE) -> 1348 | G124: (394) پلیکام | I124: دوربین | J124: DH-HFW1200DP | K124: 6F03464PAR472FA | L124: فاقد کداموال | P124: جمع آوری شده از سایت-موجود در انبار برزمند
A125: C5 | C125: کاظم برزمند | D125: =VLOOKUP(C125,'لیست پرسنل'!$A$1:$E$1004,3,FALSE) -> فکورصنعت | E125: =VLOOKUP(C125,'لیست پرسنل'!$A$1:$E$1004,4,FALSE) -> انبار | F125: =VLOOKUP(C125,'لیست پرسنل'!$A$1:$E$1004,2,FALSE) -> 1348 | G125: (394) پلیکام | I125: دوربین | J125: DH-HFW1200DP | K125: 6H04906PAACCE25 | L125: فاقد کداموال | P125: جمع آوری شده از سایت-موجود در انبار برزمند
A126: C5 | C126: کاظم برزمند | D126: =VLOOKUP(C126,'لیست پرسنل'!$A$1:$E$1004,3,FALSE) -> فکورصنعت | E126: =VLOOKUP(C126,'لیست پرسنل'!$A$1:$E$1004,4,FALSE) -> انبار | F126: =VLOOKUP(C126,'لیست پرسنل'!$A$1:$E$1004,2,FALSE) -> 1348 | G126: (394) پلیکام | I126: دوربین | J126: DH-HFW1200DP | K126: 5F03454PAR1135F | L126: فاقد کداموال | P126: جمع آوری شده از سایت-موجود در انبار برزمند
... A141: C5 | C141: کاظم برزمند | D141: =VLOOKUP(C141,'لیست پرسنل'!$A$1:$E$1004,3,FALSE) -> فکورصنعت | E141: =VLOOKUP(C141,'لیست پرسنل'!$A$1:$E$1004,4,FALSE) -> انبار | F141: =VLOOKUP(C141,'لیست پرسنل'!$A$1:$E$1004,2,FALSE) -> 1348 | G141: (394) پلیکام | I141: دوربین | J141: EZ-IP IPC-B2B20P-ZS | K141: 6H0316BPAGED85F | L141: فاقد کداموال | P141: جمع آوری شده از سایت-موجود در انبار برزمند
A142: C74 | C142: پیام مرادی | D142: =VLOOKUP(C142,'لیست پرسنل'!$A$1:$E$1004,3,FALSE) -> فکورصنعت | E142: =VLOOKUP(C142,'لیست پرسنل'!$A$1:$E$1004,4,FALSE) -> انبار | F142: =VLOOKUP(C142,'لیست پرسنل'!$A$1:$E$1004,2,FALSE) -> 3771 | G142: خوابگاه فولاد بردسیر (461) | I142: دوربین | J142: DAHUA HDW2439TPAS LED | L142: فاقد کد اموال | M142: نصب شده در طبقات خوابگاه
A143: C74 | C143: پیام مرادی | D143: =VLOOKUP(C143,'لیست پرسنل'!$A$1:$E$1004,3,FALSE) -> فکورصنعت | E143: =VLOOKUP(C143,'لیست پرسنل'!$A$1:$E$1004,4,FALSE) -> انبار | F143: =VLOOKUP(C143,'لیست پرسنل'!$A$1:$E$1004,2,FALSE) -> 3771 | G143: خوابگاه فولاد بردسیر (461) | I143: دوربین | J143: DAHUA HDW2439TPAS LED | L143: فاقد کد اموال | M143: نصب شده در طبقات خوابگاه
A144: C74 | C144: پیام مرادی | D144: =VLOOKUP(C144,'لیست پرسنل'!$A$1:$E$1004,3,FALSE) -> فکورصنعت | E144: =VLOOKUP(C144,'لیست پرسنل'!$A$1:$E$1004,4,FALSE) -> انبار | F144: =VLOOKUP(C144,'لیست پرسنل'!$A$1:$E$1004,2,FALSE) -> 3771 | G144: خوابگاه فولاد بردسیر (461) | I144: دوربین | J144: DAHUA HDW2439TPAS LED | L144: فاقد کد اموال | M144: نصب شده در طبقات خوابگاه
A145: C74 | C145: پیام مرادی | D145: =VLOOKUP(C145,'لیست پرسنل'!$A$1:$E$1004,3,FALSE) -> فکورصنعت | E145: =VLOOKUP(C145,'لیست پرسنل'!$A$1:$E$1004,4,FALSE) -> انبار | F145: =VLOOKUP(C145,'لیست پرسنل'!$A$1:$E$1004,2,FALSE) -> 3771 | G145: خوابگاه فولاد بردسیر (461) | I145: دوربین | J145: DAHUA HDW2439TPAS LED | L145: فاقد کد اموال | M145: نصب شده در طبقات خوابگاه
A146: C74 | C146: پیام مرادی | D146: =VLOOKUP(C146,'لیست پرسنل'!$A$1:$E$1004,3,FALSE) -> فکورصنعت | E146: =VLOOKUP(C146,'لیست پرسنل'!$A$1:$E$1004,4,FALSE) -> انبار | F146: =VLOOKUP(C146,'لیست پرسنل'!$A$1:$E$1004,2,FALSE) -> 3771 | G146: خوابگاه فولاد بردسیر (461) | I146: دوربین | J146: DAHUA HDW2439TPAS LED | L146: فاقد کد اموال | M146: نصب شده در طبقات خوابگاه
A147: C74 | C147: پیام مرادی | D147: =VLOOKUP(C147,'لیست پرسنل'!$A$1:$E$1004,3,FALSE) -> فکورصنعت | E147: =VLOOKUP(C147,'لیست پرسنل'!$A$1:$E$1004,4,FALSE) -> انبار | F147: =VLOOKUP(C147,'لیست پرسنل'!$A$1:$E$1004,2,FALSE) -> 3771 | G147: خوابگاه فولاد بردسیر (461) | I147: دوربین | J147: DAHUA HDW2439TPAS LED | L147: فاقد کد اموال | M147: نصب شده در طبقات خوابگاه
A148: C74 | C148: پیام مرادی | D148: =VLOOKUP(C148,'لیست پرسنل'!$A$1:$E$1004,3,FALSE) -> فکورصنعت | E148: =VLOOKUP(C148,'لیست پرسنل'!$A$1:$E$1004,4,FALSE) -> انبار | F148: =VLOOKUP(C148,'لیست پرسنل'!$A$1:$E$1004,2,FALSE) -> 3771 | G148: خوابگاه فولاد بردسیر (461) | I148: دوربین | J148: DAHUA HDW2439TPAS LED | L148: فاقد کد اموال | M148: نصب شده در طبقات خوابگاه
A149: C74 | C149: پیام مرادی | D149: =VLOOKUP(C149,'لیست پرسنل'!$A$1:$E$1004,3,FALSE) -> فکورصنعت | E149: =VLOOKUP(C149,'لیست پرسنل'!$A$1:$E$1004,4,FALSE) -> انبار | F149: =VLOOKUP(C149,'لیست پرسنل'!$A$1:$E$1004,2,FALSE) -> 3771 | G149: خوابگاه فولاد بردسیر (461) | I149: دوربین | J149: DAHUA HDW2439TPAS LED | L149: فاقد کد اموال | M149: نصب شده در طبقات خوابگاه
...

Sheet ثبت نشده در سیما
A2: 461 | B2: سعید تالاری | C2: =VLOOKUP(B2,'لیست پرسنل'!$A$2:$D$1016,3,FALSE) -> فکورصنعت | D2: =VLOOKUP(B2,'لیست پرسنل'!$A$2:$D$1016,4,FALSE) -> مکانیک | E2: =VLOOKUP(B2,'لیست پرسنل'!$A$2:$E$1016,2,FALSE) -> 0 | F2: فولاد بردسیر (461) | G2: BS53C74 | H2: تلفن سیسکو | I2: Cisco CP-6941 | J2: PUC17430JQM | K2: 633735
A3: 461 | B3: سعید تالاری | C3: =VLOOKUP(B3,'لیست پرسنل'!$A$2:$D$1016,3,FALSE) -> فکورصنعت | D3: =VLOOKUP(B3,'لیست پرسنل'!$A$2:$D$1016,4,FALSE) -> مکانیک | E3: =VLOOKUP(B3,'لیست پرسنل'!$A$2:$E$1016,2,FALSE) -> 0 | F3: فولاد بردسیر (461) | G3: BS53C74 | H3: کیس | I3: کیس گرین B660 | K3: 635098
A4: 461 | B4: سعید تالاری | C4: =VLOOKUP(B4,'لیست پرسنل'!$A$2:$D$1016,3,FALSE) -> فکورصنعت | D4: =VLOOKUP(B4,'لیست پرسنل'!$A$2:$D$1016,4,FALSE) -> مکانیک | E4: =VLOOKUP(B4,'لیست پرسنل'!$A$2:$E$1016,2,FALSE) -> 0 | F4: فولاد بردسیر (461) | G4: BS53C74 | H4: مانيتور | I4: Lenovo 22" L22i-30 | J4: U563BKK1 | K4: 626460

Sheet لیست تعمیرات
A1: قطعات ارسال شده به تهران جهت تعمیر
A2: نوع قطعه | B2: مدل | C2: شماره سریال | D2: کد اموال | E2: توضیحات | F2: وضعیت | G2: محل اسقرار
A3: Monitor | B3: LG W2261VP | C3: 722003-009032981 | D3: 605441 | E3: تعمیر تهران - - از تعمیر برگشت | F3: از تعمیر برگشت
A4: Monitor | B4: LG 22” FLAT W2262TQ | C4: 686004-012063470 | D4: 611436 | E4: تعمیر تهران - ارسال جهت تعمیر - مربوط به ایزدی کارفرما خرامه | F4: ؟
A5: Video Projector | B5: Optima Projector EX 540i | C5: Q8FR111AAAAAC0015 | D5: 606814 | E5: تعمیر تهران - ارسال جهت تعمیر - برگشت از تعمیر | F5: از تعمیر برگشت
A6: Monitor | B6: LG22" LED 22MP55HQ | C6: 402NDCRFR059 | D6: 609604 | E6: مانیتور رضا کاظمی ارسال جهت تعمیر به تهران | F6: از تعمیر برگشت
A7: Monitor | B7: LG 22" W2261VP | C7: 722006012072875 | D7: 603251 | E7: مانیتور جدیدالاسلام ارسال جهت تعمیر به تهران-از تعمیر برگشت | F7: از تعمیر برگشت
A8: Monitor | B8: LG 22" LCD W2262TQ | C8: 0686003 - 011060033 | D8: 613925 | E8: مانیتور مخلصی ارسال جهت تعمیر به تهران-از تعمیر برگشت | F8: از تعمیر برگشت
A9: Clock card | B9: دستگاه کارت ساعت زنی iFace 202 | C9: 607715-2800156 | D9: 613144 | E9: دستگاه کارت ساعت زنی توسعه ارسال جهت تعمیر-برگشت از تعمیرات | F9: از تعمیر برگشت
A10: Switch | B10: یک دستگاه سوییچ 48 پورت CISCO مدلPOE 3750 | C10: CAT0932N45H | D10: 623228 | E10: ارسال جهت تعمیر - از تعمیر برگشت | F10: از تعمیر برگشت
A11: Clock card | B11: دستگاه کارت ساعت پلیکام | D11: 612105 | E11: خرابی چشم دستگاه و نشناختن چهره - برگشت از تعمیر | F11: از تعمیر برگشت
A12: Monitor | B12: LG 22" W2261VP | C12: 722003009033183 | D12: 603305 | E12: ایمان پاسواری - روشن نشدن - از تعمیر برگشت | F12: از تعمیر برگشت
A13: Monitor | B13: LG 22" W2261VP | C13: 0722009105031153 | D13: 603356 | E13: سعید دارابی خرامه - ازتعمیر برگشت | F13: از تعمیر برگشت
A14: Monitor | B14: LG 22" W2261VP | C14: 0722006-012072824 | D14: 600764 | E14: محمد رضا طباطبایی پروژه فولاد | F14: از تعمیر برگشت
A15: Monitor | B15: LG 22" W2261VP | C15: 0686002011058231 | D15: 604093 | E15: ابوالفضل غلامی - ارسال جهت تعمیر-از تعمیر برگشت | F15: از تعمیر برگشت
A16: Monitor | B16: LG 19" W1953SE | C16: 0698016 - 205025191 | D16: 603936 | E16: مانیتور سرور نظارت کارفرما - دهنوی-از تعمیر برگشت | F16: از تعمیر برگشت
A17: Monitor | B17: LG 22" W2261VP | C17: 072200107046186 | D17: 609609 | E17: فرشاد سلیمانی (واحد مکانیک ) -ارسال به تعمیر-از تعمیر برگشت | F17: از تعمیر برگشت
A18: Monitor | B18: LG 22" W2262TQ | C18: 666003011059242 | D18: 608004 | E18: ارسال جهت تعمیر - امین خراسانی ( سیویل ) پروژه سایت مرکز تحقیقات | F18: از تعمیر برگشت
A19: جدید
B20: LG 22" W2262TQ | C20: 0686004012063472 | D20: 604975 | E20: مانیتور محمد باجلان کارفرما سایت توسعه فولاد به علت روشن نشدن | F20: در تاریخ 18/11/1401 از تعمیر برگشت
B21: LG 22" MP55HQ | C21: 403NDMTJM211 | D21: 609605 | E21: موجودی انبار سایت توسعه فولاد به علت خط داشتن تصویر | F21: در تاریخ 06/12/1401 از تعمیر برگشت
B22: LG 22" W2261VP | C22: 0722001007047601 | D22: 604092 | E22: مانیتور جابر زیدآبادی نژاد-مرکز تحقیقات-علت روشن نشدن | F22: در تاریخ 1401/12/10 از تعمیر برگشت
B23: LG 22" W2261VP | C23: 0722007101006229 | D23: 601031 | E23: ارسال به تعمیر به علت مات بودن تصویر - مانیتور قبلی آرمان فرخ | F23: در تاریخ 06/12/1401 از تعمیر برگشت
B24: Canon MF3010 | C24: WEP55093 | D24: 623630 | E24: جهت تعمیر تحویل سروش کریمی شده | F24: در تاریخ 1402/01/20 از تعمیر برگشت
B25: LG 22" W2261VP | C25: 722015205013365 | D25: 603171 | E25: مانیتور قبلی کاظم زلفی - روشن نمیشود | F25: در تاریخ 1401/12/20 از تعمیر برگشت
B26: LG 22" 22MP55HQ | C26: 402NDPHFR824 | D26: 610923 | E26: داشتن خط هنگام روشن شدن صفحه نمایش | F26: در تاریخ 1402/02/05 از تعمیر برگشت
B27: LG 22" 22MP55HQ | C27: 404NDJXEA980 | D27: 611437 | E27: داشتن خط هنگام روشن شدن صفحه نمایش | F27: در تاریخ 1402/01/29 از تعمیر برگشت
B28: LG 22" W2262TQ | C28: 0686003011060029 | D28: 603562 | E28: به علت روشن نشدن -مانتیور قبلی مسلمی | F28: در تاریخ 1402/01/29 از تعمیر برگشت
B29: LG 19" W1953SE | C29: 0698014204006918 | D29: 601557 | E29: علت خاموش روشن شدن تصویر -تحویلی از آی کپس | F29: در تاریخ 1402/01/29 از تعمیر برگشت
B30: CISCO 6941 | C30: PUC17430HJA | D30: 628828 | E30: به علت داخلی نگرفتن -تلفن قبلی اکبری | F30: در تاریخ 1402/01/29 از تعمیر برگشت
B31: CISCO 6941 | C31: PXN1527V5U0 | D31: 628859 | E31: روشن نشدن مانیتور -آبدارخانه بردسیر | F31: در تاریخ 1402/01/29 از تعمیر برگشت
B32: Optoma Projector EX 540i | C32: Q8FR111AAAAAC0015 | D32: 606814 | E32: به علت روشن نشدن لامپ تصویر -کانکس آموزش ایمنی | F32: در تاریخ 1402/02/05 از تعمیر برگشت
B33: LG 22" W2261VP | C33: 0722010109000299 | D33: 604289 | E33: ه علت روشن نشدن تحویلی از آقای میلاد صفی جهانشاهی کارفرما سایت توسعه فولاد | F33: در تاریخ 1402/01/29 از تعمیر برگشت
B34: Samsung 19" 1931 | C34: BF.H9MN6.011449 | D34: 605715 | E34: به علت روشن نشدن موجودی انبار سایت توسعه فولاد | F34: در تاریخ 1402/01/29 از تعمیر برگشت
B35: HP Laser Jet P2035 | C35: VNC3565042 | D35: 610516 | E35: مشکل در پرینت . پرینتر آقای شعشعانی | F35: در تاریخ 1402/01/27 از تعمیر برگشت
B36: LG 22" 22M38H | C36: 0175002910009954 | D36: 618922 | E36: به علت شکستگی پایین تصویر -مانتیور پیام مرادی بردسیر | F36: در تاریخ 1402/02/11 از تعمیر برگشت
B37: SAMSUNG -SL-M2070F | C37: 073EB8KH9D00T2R | D37: 611811 | E37: به علت خرابی فیوزینگ -پرینتر سوپروایزر - تحویل سروش کریمی شد | F37: در تاریخ 1402/02/06 از تعمیر برگشت
A38: Monitor | B38: LG 22" W2261VP | C38: 0722006012072875 | D38: 603251 | E38: به علت روشن نشدن مانیتور جدیدالاسلام-برای بار دوم به تعمیر ارسال شد | F38: در تاریخ 1402/02/11 از تعمیر برگشت
B39: HP LaserJet 1320 | C39: 55034848 | D39: 607358 | E39: پرینتر کیوان - تحویل کریمی شد بابت تعمیر | F39: در تاریخ 1402/02/07 از تعمیر برگشت
B40: LG 22" W2262TQ | C40: 0686004012063391 | D40: 607686 | E40: علت تعمییر خاموش شدن ناگهانی | F40: در تاریخ 1402/03/10 از تعمیر برگشت
B41: LG 22" W2261VP | C41: 0722003009032995 | D41: 603304 | E41: علت تعمییر خاموش شدن ناگهانی | F41: در تاریخ 1402/03/10 از تعمیر برگشت
B42: LG 22" W2261VP | C42: 0722010105062927 | D42: 611444 | E42: علت تعمییرتصویر پرش دارد | F42: در تاریخ 1402/03/10 از تعمیر برگشت
B43: IP Camera _HIK VISION - DS _ 2CD2023G0-l | D43: 621828 | E43: دوربین از انبار 4 هکتاری جهت تعمیر به آقای صادقی | F43: از تعمیر برگشت
B44: IP Camera _HIK VISION - DS _ 2CD2023G0-l | D44: 621820 | E44: دوربین از انبار 4 هکتاری جهت تعمیر به آقای صادقی | F44: از تعمیر برگشت
B45: Iface 202 | D45: 612377 | E45: دستگاه گلفا - به دلیل مشکل در ثبت چهره به تعمیر ارسال شد | F45: در تاریخ 1402/03/02 از تعمیر برگشت
B46: LG 22" W2262TQ | C46: 0688003011059547 | D46: 608000 | E46: صمد دهقانی-نظارت کارفرما توسعه-علت تعمییر خاموش شدن ناگهانی | F46: در تاریخ 1402/03/22 از تعمیر برگشت
B47: Optoma Projector EX 540i | C47: Q8FR111AAAAAC0015 | D47: 606814 | E47: به علت روشن نشدن لامپ تصویر -کانکس آموزش ایمنی-ارسال مجدد | F47: از تعمیر برگشت
B48: کیس | D48: 627883 | E48: فرهاد آزادی - خرابی مادربرد | F48: از تعمیر برگشت
B49: CISCO CP-6941 | C49: PUC173811LN | D49: 628757 | E49: تلفن رضا عوض پور جهت تعمیر به تهران ارسال شد | F49: در تهران اعلام داغی شد
B50: سوییچ سیسکو 2960 | C50: F0C1422W7DS | D50: فاقد اموال | E50: جهت تعمیر ارسال به تهران
B51: LG 22" E2260V | C51: 0714005302018560 | D51: 607870 | E51: مانیتور حسن رضا آهمند - روشن نمیشود | F51: در تهران اعلام داغی شد
B52: LG 19" W1953SE | C52: 0698016205025871 | D52: فاقد اموال | E52: نگهبانی انبار منطقه ای سیرجان-علت روشن نشدن | F52: در تاریخ 1402/05/03 از تعمیر برگشت
B53: SAMSUNG 19” E1920NX | C53: V8ARH9NB502386T | D53: 629410 | E53: موجودی انبار آی تی مرکز تحقیقات (438)-علت روشن نشدن | F53: در تاریخ 1402/05/03 از تعمیر برگشت
B54: LG 22" W2261VP | C54: 0722009202322048 | D54: 613928 | E54: یوسف خیری-علت روشن نشدن -سایت مرکز تحقیقات | F54: در تاریخ 1402/05/03 از تعمیر برگشت
B55: LG 22" W2261VP | C55: 0722012109030094 | D55: 43000230 | E55: آقای فردین تقی نیا - عسلویه | F55: در تاریخ 1402/05/08 از تعمیر برگشت
B56: SW Cisco 2960 24PORT | C56: FCQ1624Y3WS | D56: فاقد کد اموال | E56: مربوط به کانکس ESP - به عت خرابی جهت تعمیر ارسال شد
B57: Cisco 3560 poe | C57: CAT1029RJGC | D57: 621865 | E57: به دلیل مشکل از خوابگاه 12 واحدی مولوی جمع آوری و به تعمیر ارسال شد
B58: SAMSUNG 19” E1920NX | C58: V8ARH9NB502386T | D58: 629410 | E58: به دلیل روشن نشدن به تعمیر ارسال شد | F58: جهت خیریه به تهران ارسال شد
B59: HP Laser M1132 MFP | C59: CNC9B7XJDY | D59: 604606 | E59: پرینتر انبار شهر - تحویل کریمی شد بابت تعمیر | F59: در تاریخ 1402/05/28 از تعمیر برگشت
B60: SHARP Copy AR1118 | C60: 86004369 | D60: 610096 | E60: کپی آزمایشگاه - تحویل کریمی شد بابت تعمیر | F60: در تاریخ 1402/06/06 از تعمیر برگشت
B61: LG 22" W2262TQ | C61: 0686002011057476 | D61: 601179 | E61: ایشان به علت روشن نشدن جهت تعمیر به تهران | F61: در تاریخ 1402/06/21 از تعمیر برگشت
B62: LG 22" W2261VP | C62: 0722015205013045 | D62: 610551 | E62: پیمان بهزادی پرسنل واحد نظارت کارفرما -به علت روشن نشدن به تعمیر ارسال شد | F62: در تاریخ 1402/06/21 از تعمیر برگشت
B63: LG 22” W2261VP | C63: 0722014110022356 | D63: 603555 | E63: مانیتور کریم اسکندری به علت مات شدن تصویر جهت تعمیر ارسال شد | F63: در تاریخ 1402/07/04 از تعمیر برگشت
B64: CISCO CP-6941 | C64: PUC16470PEE | D64: 628872 | E64: تلفن قبلی شهسواری پور - داخلی نمیگرفت به تهران ارسال شد
B65: LG 22" W2261VP | C65: 0722005011065809 | D65: 43000237 | E65: به علت روشن نشدن ( مانیتور تحویلی به آقای حبیب برازجانی) | F65: در تاریخ 1402/07/23 از تعمیر برگشت
B66: LG 22" 22M38A | C66: 601NTEPBV940 | D66: 43000611 | E66: به علت شکستگی صفحه | F66: در تهران اعلام داغی شد
B67: iface 202 | C67: 77141502846 | D67: 606443 | E67: ( به علت ریست شدن مداوم موجودی سایت توسعه فولاد | F67: در تاریخ 1402/07/24 از تعمیر برگشت
B68: دستگاه ثبت ساعت IFACE 202 | C68: 6077150100314 | D68: 612105 | E68: دستگاه خوابگاه مولوی - خاموش شدن ناگهانی | F68: در تاریخ 1402/07/24 از تعمیر برگشت
B69: LG 22" 2281 | C69: 111RKVQ0L263 | D69: 610658 | E69: مانیتور قبلی دانش صفری-آلمیلا-مشکل خاموش روشن شدن | F69: در تاریخ 1402/08/07 از تعمیر برگشت
B70: GREEN PARS EVO | D70: 629911 | E70: به علت مشکل داشتن مادربرد موجودی انبار سایت توسعه فولاد | F70: در تاریخ 1402/08/14 از تعمیر برگشت
B71: Camera FujiFilm XP130 | C71: 8SQ01510 | D71: 620834 | E71: به علت گرد و غبار گرفتن جهت سرویس تحویل آقای مجتبی علیپور پرسنل سایت توسعه فولاد ) | F71: در تاریخ 1402/08/01 از تعمیر برگشت
B72: LG 22" W2261VP | C72: 0722004112322065 | D72: 604329 | E72: خاموش شدن ناگهانی | F72: در تاریخ 1402/08/01 از تعمیر برگشت
B73: LG 22” W2261VP | C73: 0722003009031108 | D73: 606361 | E73: خاموش شدن ناگهانی | F73: در تاریخ 1402/08/01 از تعمیر برگشت
B74: LG 22" E2260v | C74: 0714002208012514 | D74: 43000256 | E74: علت نقص فنی | F74: در تاریخ 1402/08/07 از تعمیر برگشت
B75: HP M130fW | C75: VNFNF08535 | D75: 620377 | E75: به علت کاغذ نکشیدن فیدر تحویل آقای سید باقر حسینی | F75: در تاریخ 1402/09/01 از تعمیر برگشت
B76: CANON MF4430 | C76: HCT08847 | D76: 613502 | E76: دستگاه خراب می باشد به سرویس کامل نیاز دارد-ارسال از تربت | F76: در تاریخ 1402/09/04 از تعمیر برگشت
B77: HP M1214 | C77: CNJ8F4D4ZC | D77: 610448 | E77: فیدر دستگاه خراب می باشدوبه سرویس نیاز دارد | F77: در تاریخ 1402/08/23 از تعمیر برگشت
B78: سوییچ 24پورت Cisco 3750 | D78: 623352 | E78: سوییچ لود نمی شود وهنگ می کند | F78: در تاریخ 1402/08/23 از تعمیر برگشت
B79: LG 22" W2262TQ | C79: 0686002011056970 | D79: 603789 | E79: هادی محمد نژاد-به علت خاموش شدن ناگهانی تصویر جهت تعمیر به تهران | F79: در تاریخ 1402/09/06 از تعمیر برگشت
B80: HP LaserJet P1102 | C80: VNF3C67704 | D80: 612686 | E80: آزمایشگاه سایت بردسیر به علت سر و صدای زیاد و کاغذ نکشیدن تحویل سروس کریمی شد | F80: در تاریخ 1402/09/01 از تعمیر برگشت
B81: LG 22” W2261VP | C81: 0722015205013059 | D81: 607684 | E81: داوود بویری به علت خاموش شدن ناگهانی جهت تعمییر به تهران | F81: در تاریخ 1402/09/06 از تعمیر برگشت
B82: Hp Laserjet 700M712 | C82: CNERPDQ4RH | D82: 628671 | E82: به علت ارور باز بودن در پشتی پرینتر به تهران | F82: در تاریخ 1402/09/01 از تعمیر برگشت
B83: LG 22” W2261VP | C83: 0722003009031108 | D83: 606361 | E83: مجدد به تعمیر ارسال شد | F83: در تاریخ 1402/08/01 از تعمیر برگشت
B84: LG 22” W2261VP | C84: 0722009201322048 | D84: 605438 | E84: مانیتور سید جواد موسوی - علت روشن نشدن جهت تعمیر به تهران | F84: در تاریخ 1402/09/25 از تعمیر برگشت
B85: LG 22" W2261VP | C85: 0722007101006042 | D85: 619082 | E85: مانیتور آقای سیاوش دالوند - به علت روشن نشدن | F85: در تاریخ 1402/10/09 از تعمیر برگشت
B86: Printer laserjet 5200L | C86: فاقد سریال | D86: 605837 | E86: جاسم راهنما پرسنل کارفرما سایت توسعه فولاد | F86: در تاریخ 1402/10/30 از تعمیر برگشت
B87: LG 22” W2261VP | C87: 0722009112322105 | D87: 606520 | E87: موجودی انبار تحقیقات | F87: در تاریخ 1402/10/30 از تعمیر برگشت
B88: LG 22" W2261VP | C88: 0722015203039586 | D88: 609578 | E88: اصغر اسفندیارپور پرسنل سایت مرکز تحقیقات | F88: در تاریخ 1402/10/30 از تعمیر برگشت
B89: LG 22" W2261VP | C89: 0722010109000463 | D89: 603301 | E89: از خرامه ارسال به تعمیر شده | F89: در تاریخ 1402/11/09 از تعمیر برگشت
B90: LG 22" W2262TQ | C90: 0686004012062743 | D90: 607710 | E90: از خرامه ارسال به تعمیر شده | F90: در تاریخ 1402/11/09 از تعمیر برگشت
B91: LG 22" 22MP55HQ | C91: 402NDBPKP157 | D91: 603256 | E91: مانیتور قبلی روح المینی - مشکل خاموش روشن شدن | F91: در تاریخ 1402/11/24 از تعمیر برگشت
B92: HP P2055 | C92: CNCJL26338 | D92: 606737 | E92: تحویل آقای علی اسفندیارپور پرسنل انبار سایت توسعه فولاد -تحویل کریمی
B93: HP 1320 | C93: 55034848 | D93: 607358 | E93: تحویل آقای محمد رضا کیوان سایت توسعه فولاد -تحویل کریمی | F93: برگشت از تعمیر
B94: STABILIZER FARATEL STB2000M | C94: 52140201359 | D94: فاقد اموال | E94: مربوط به دوربین های انبار نسوز سایت توسعه فولاد | F94: برگشت از تعمیر
B95: HP M130FN | C95: VNFPD07998 | D95: 618718 | E95: واحد تردد ( علی بلوردی ) | F95: در تاریخ 1402/11/28 از تعمیر برگشت
B96: HP PRO 2500 F1 | C96: CN995A113J | D96: 621012 | E96: علیرضا ستوده-به علت کار نکردن فیدر
B97: LG 22" W2262TQ | C97: 0686003011060029 | D97: 603562 | E97: به علت روشن نشدن تحویل آقای نیما اسبقیان | F97: در تاریخ 1402/12/08 از تعمیر برگشت
B98: LG 22” W2261VP | C98: 722011109029933 | D98: 605841 | E98: کوروش نوروزی-ارسال به تعمیر | F98: در تاریخ 1402/12/08 از تعمیر برگشت
B99: Lenovo 22" L22i-30 | C99: U3606L7W | D99: 626436 | E99: جهت تعمییر به تهران ارسال شده(علت تعمییر شکستگی صفحه مانیتور )قریشی | F99: در تهران داغی شد
B100: LG 22" W2261VP | C100: 0722003009031108 | D100: 606361 | E100: مانیتور حمیدرضا اصلانی ارسال جهت تعمیر به علت روشن نشدن | F100: در تاریخ 1403/01/29 از تعمیر برگشت
...

Sheet اموال قبلا چک شده بنام نیک اختر
A1: ردیف | B1: شماره پلاك | C1: شرح پلاك | D1: محل استقرار | E1: مشخصات فنی | F1: تحویل گیرنده 1 | G1: تاریخ اختتام | H1: علت اختتام | I1: تاريخ خريد
A2: 1 | B2: 200056 | C2: كانكس 12 متري مان | D2: (362) پروژه احداث كارخانه فولاد گل گهر | E2: دو اتاقه - IT | F2: آذر نيك اختر | G2: 0 | I2: 13910403
A3: 2 | B3: 200066 | C3: كانكس 6 متري ماهان | D3: (110) پروژه گوهر زمين | E3: تك اتاقه - IT | F3: آذر نيك اختر | G3: 0 | I3: 13911228
A4: 406 | B4: 613862 | C4: صندلي نيلپر K 600 | D4: (110) پروژه گوهر زمين | F4: آذر نيك اختر | G4: 0 | I4: 13950929
A5: 412 | B5: 614023 | C5: كولر گازي پنجره اي 18000 O GENERAL | D5: (110) پروژه گوهر زمين | F5: آذر نيك اختر | G5: 0 | I5: 13951105
A6: 413 | B6: 614042 | C6: كولر اسپيلت سردو گرمSAMSUNG 18000 | D6: (110) پروژه گوهر زمين | F6: آذر نيك اختر | G6: 0 | I6: 13951105

Sheet مختوم شده
A2: کد پروژه | B2: محل | C2: ردیف | D2: تحویل گیرنده اول | E2: شرکت | F2: واحد | G2: کد پرسنلی | H2: محل استقرار | I2: کد شناسایی سیستم | J2: گروه بندی | K2: مدل | L2: سریال | M2: کد اموال | N2: تحویل گیرنده دوم | O2: تحویل گیرنده -1 | P2: تحویل گیرنده -2 | Q2: توضیحات | R2: مختوم شده | S2: تاریخ اختتام
A3: بهاباد یزد | B3: C17 | C3: 10 | D3: احسان موسوی | E3: =VLOOKUP(D3,'لیست پرسنل'!$A$2:$D$1016,3,FALSE) -> كنسانتره سنگ آهن بهاباد يزد | F3: =VLOOKUP(D3,'لیست پرسنل'!$A$2:$D$1016,4,FALSE) -> مدیر سایت | G3: =VLOOKUP(D3,'لیست پرسنل'!$A$2:$E$1016,2,FALSE) -> 0 | H3: كنسانتره سنگ آهن بهاباد يزد | I3: CH10C17 | J3: مانيتور | K3: LG 22" 22MP55 | L3: 402NDTCFR017 | M3: 609607 | O3: بازیافت باطله چادرملو (159) | R3: به کارفرما فروخته شد | S3: 1404/06/11
A4: بهاباد یزد | B4: C17 | C4: 9 | D4: سجاد اشرفی | E4: =VLOOKUP(D4,'لیست پرسنل'!$A$2:$D$1016,3,FALSE) -> كنسانتره سنگ آهن بهاباد يزد | F4: =VLOOKUP(D4,'لیست پرسنل'!$A$2:$D$1016,4,FALSE) -> 0 | G4: =VLOOKUP(D4,'لیست پرسنل'!$A$2:$E$1016,2,FALSE) -> 0 | H4: كنسانتره سنگ آهن بهاباد يزد | I4: CH9C17 | J4: مانيتور | K4: LG 22" 22MP55 | L4: 402NDHBFR009 | M4: 610930 | O4: بازیافت باطله چادرملو (159) | R4: به کارفرما فروخته شد | S4: 1404/06/11
A5: بهاباد یزد | B5: C17 | C5: 10 | D5: احسان موسوی | E5: =VLOOKUP(D5,'لیست پرسنل'!$A$2:$D$1016,3,FALSE) -> كنسانتره سنگ آهن بهاباد يزد | F5: =VLOOKUP(D5,'لیست پرسنل'!$A$2:$D$1016,4,FALSE) -> مدیر سایت | G5: =VLOOKUP(D5,'لیست پرسنل'!$A$2:$E$1016,2,FALSE) -> 0 | H5: كنسانتره سنگ آهن بهاباد يزد | I5: CH10C17 | J5: کیس | K5: i7 | M5: 619925 | O5: بازیافت باطله چادرملو (159) | R5: به کارفرما فروخته شد | S5: 1404/06/11
A6: بهاباد يزد | B6: بهاباد يزد | D6: حسین عبدشاهی | E6: =VLOOKUP(D6,'لیست پرسنل'!$A$2:$D$1016,3,FALSE) -> فکورصنعت | F6: =VLOOKUP(D6,'لیست پرسنل'!$A$2:$D$1016,4,FALSE) -> تحقیق و توسعه فکور | G6: =VLOOKUP(D6,'لیست پرسنل'!$A$2:$E$1016,2,FALSE) -> 0 | H6: كنسانتره سنگ آهن بهاباد يزد | J6: مانيتور | K6: Monitor Gplus 245 JN | M6: 623983 | N6: مهندس عنایتی فر (روناک) | R6: به کارفرما فروخته شد | S6: 1404/06/11
A7: بهاباد يزد | B7: بهاباد يزد | D7: حسین عبدشاهی | E7: =VLOOKUP(D7,'لیست پرسنل'!$A$2:$D$1016,3,FALSE) -> فکورصنعت | F7: =VLOOKUP(D7,'لیست پرسنل'!$A$2:$D$1016,4,FALSE) -> تحقیق و توسعه فکور | G7: =VLOOKUP(D7,'لیست پرسنل'!$A$2:$E$1016,2,FALSE) -> 0 | H7: كنسانتره سنگ آهن بهاباد يزد | J7: مانيتور | K7: Monitor Gplus 245 JN | M7: 623984 | N7: مهندس رجبی (روناک) | R7: به کارفرما فروخته شد | S7: 1404/06/11
A8: بهاباد يزد | B8: بهاباد يزد | D8: حسین عبدشاهی | E8: =VLOOKUP(D8,'لیست پرسنل'!$A$2:$D$1016,3,FALSE) -> فکورصنعت | F8: =VLOOKUP(D8,'لیست پرسنل'!$A$2:$D$1016,4,FALSE) -> تحقیق و توسعه فکور | G8: =VLOOKUP(D8,'لیست پرسنل'!$A$2:$E$1016,2,FALSE) -> 0 | H8: كنسانتره سنگ آهن بهاباد يزد | J8: مانيتور | K8: Monitor Gplus 245 JN | M8: 623985 | N8: مهندس عباسلو (روناک) | R8: به کارفرما فروخته شد | S8: 1404/06/11
A9: بهاباد يزد | B9: بهاباد يزد | D9: حسین عبدشاهی | E9: =VLOOKUP(D9,'لیست پرسنل'!$A$2:$D$1016,3,FALSE) -> فکورصنعت | F9: =VLOOKUP(D9,'لیست پرسنل'!$A$2:$D$1016,4,FALSE) -> تحقیق و توسعه فکور | G9: =VLOOKUP(D9,'لیست پرسنل'!$A$2:$E$1016,2,FALSE) -> 0 | H9: كنسانتره سنگ آهن بهاباد يزد | J9: مانيتور | K9: Monitor Gplus 245 JN | M9: 623986 | N9: مهندس بهروز به نژاد (روناک) | R9: به کارفرما فروخته شد | S9: 1404/06/11
A10: بهاباد يزد | B10: بهاباد يزد | D10: حسین عبدشاهی | E10: =VLOOKUP(D10,'لیست پرسنل'!$A$2:$D$1016,3,FALSE) -> فکورصنعت | F10: =VLOOKUP(D10,'لیست پرسنل'!$A$2:$D$1016,4,FALSE) -> تحقیق و توسعه فکور | G10: =VLOOKUP(D10,'لیست پرسنل'!$A$2:$E$1016,2,FALSE) -> 0 | H10: كنسانتره سنگ آهن بهاباد يزد | J10: پرینتر | K10: Printer 3 كاره CANON | M10: 624030 | N10: مهندس بهروز به نژاد (روناک) | R10: به کارفرما فروخته شد | S10: 1404/06/11
A11: بهاباد يزد | B11: بهاباد يزد | D11: حسین عبدشاهی | E11: =VLOOKUP(D11,'لیست پرسنل'!$A$2:$D$1016,3,FALSE) -> فکورصنعت | F11: =VLOOKUP(D11,'لیست پرسنل'!$A$2:$D$1016,4,FALSE) -> تحقیق و توسعه فکور | G11: =VLOOKUP(D11,'لیست پرسنل'!$A$2:$E$1016,2,FALSE) -> 0 | H11: كنسانتره سنگ آهن بهاباد يزد | J11: تلويزيون | K11: TV Daewoo DLE | M11: 624033 | N11: خوابگاه کارشناسی روناک | R11: به کارفرما فروخته شد | S11: 1404/06/11
A12: بهاباد یزد | B12: C17 | C12: 9 | D12: سجاد اشرفی | E12: =VLOOKUP(D12,'لیست پرسنل'!$A$2:$D$1016,3,FALSE) -> كنسانتره سنگ آهن بهاباد يزد | F12: =VLOOKUP(D12,'لیست پرسنل'!$A$2:$D$1016,4,FALSE) -> 0 | G12: =VLOOKUP(D12,'لیست پرسنل'!$A$2:$E$1016,2,FALSE) -> 0 | H12: كنسانتره سنگ آهن بهاباد يزد | I12: CH9C17 | J12: کیس | M12: 624719 | O12: بازیافت باطله چادرملو (159) | R12: به کارفرما فروخته شد | S12: 1404/06/11
A13: بهاباد يزد | B13: بهاباد يزد | D13: حسین عبدشاهی | E13: =VLOOKUP(D13,'لیست پرسنل'!$A$2:$D$1016,3,FALSE) -> فکورصنعت | F13: =VLOOKUP(D13,'لیست پرسنل'!$A$2:$D$1016,4,FALSE) -> تحقیق و توسعه فکور | G13: =VLOOKUP(D13,'لیست پرسنل'!$A$2:$E$1016,2,FALSE) -> 0 | H13: كنسانتره سنگ آهن بهاباد يزد | J13: مانيتور | K13: Monitor GPLUS GDM | M13: 624777 | N13: اداری روناک | R13: به کارفرما فروخته شد | S13: 1404/06/11
A14: بهاباد يزد | B14: بهاباد يزد | D14: حسین عبدشاهی | E14: =VLOOKUP(D14,'لیست پرسنل'!$A$2:$D$1016,3,FALSE) -> فکورصنعت | F14: =VLOOKUP(D14,'لیست پرسنل'!$A$2:$D$1016,4,FALSE) -> تحقیق و توسعه فکور | G14: =VLOOKUP(D14,'لیست پرسنل'!$A$2:$E$1016,2,FALSE) -> 0 | H14: كنسانتره سنگ آهن بهاباد يزد | J14: مانيتور | K14: Monitor GPLUS GDM | M14: 624778 | N14: اداری روناک | R14: به کارفرما فروخته شد | S14: 1404/06/11
A15: بهاباد يزد | B15: بهاباد يزد | D15: حسین عبدشاهی | E15: =VLOOKUP(D15,'لیست پرسنل'!$A$2:$D$1016,3,FALSE) -> فکورصنعت | F15: =VLOOKUP(D15,'لیست پرسنل'!$A$2:$D$1016,4,FALSE) -> تحقیق و توسعه فکور | G15: =VLOOKUP(D15,'لیست پرسنل'!$A$2:$E$1016,2,FALSE) -> 0 | H15: كنسانتره سنگ آهن بهاباد يزد | J15: پرینتر | K15: Printer Canon 3010 | M15: 624779 | N15: امیدزینلی (روناک) | R15: به کارفرما فروخته شد | S15: 1404/06/11
A16: بهاباد يزد | B16: بهاباد يزد | D16: حسین عبدشاهی | E16: =VLOOKUP(D16,'لیست پرسنل'!$A$2:$D$1016,3,FALSE) -> فکورصنعت | F16: =VLOOKUP(D16,'لیست پرسنل'!$A$2:$D$1016,4,FALSE) -> تحقیق و توسعه فکور | G16: =VLOOKUP(D16,'لیست پرسنل'!$A$2:$E$1016,2,FALSE) -> 0 | H16: كنسانتره سنگ آهن بهاباد يزد | J16: پرینتر | K16: Printer Canon 3010 | M16: 624780 | N16: مهندس صالحی راد (روناک) | R16: به کارفرما فروخته شد | S16: 1404/06/11
A17: بهاباد يزد | B17: بهاباد يزد | D17: حسین عبدشاهی | E17: =VLOOKUP(D17,'لیست پرسنل'!$A$2:$D$1016,3,FALSE) -> فکورصنعت | F17: =VLOOKUP(D17,'لیست پرسنل'!$A$2:$D$1016,4,FALSE) -> تحقیق و توسعه فکور | G17: =VLOOKUP(D17,'لیست پرسنل'!$A$2:$E$1016,2,FALSE) -> 0 | H17: كنسانتره سنگ آهن بهاباد يزد | J17: پرینتر | K17: HP LaserJet MFP M436dn | M17: 624781 | N17: مهندس عباسلو (روناک) | R17: به کارفرما فروخته شد | S17: 1404/06/11
A18: بهاباد يزد | B18: بهاباد يزد | D18: حسین عبدشاهی | E18: =VLOOKUP(D18,'لیست پرسنل'!$A$2:$D$1016,3,FALSE) -> فکورصنعت | F18: =VLOOKUP(D18,'لیست پرسنل'!$A$2:$D$1016,4,FALSE) -> تحقیق و توسعه فکور | G18: =VLOOKUP(D18,'لیست پرسنل'!$A$2:$E$1016,2,FALSE) -> 0 | H18: كنسانتره سنگ آهن بهاباد يزد | J18: تلويزيون | K18: TV 65" LED Snowa SSD-65SA6 20U | M18: 625002 | N18: دفاتر اداری عصرنوین | R18: به کارفرما فروخته شد | S18: 1404/06/11
A19: بهاباد یزد | B19: C17 | C19: 9 | D19: سجاد اشرفی | E19: =VLOOKUP(D19,'لیست پرسنل'!$A$2:$D$1016,3,FALSE) -> كنسانتره سنگ آهن بهاباد يزد | F19: =VLOOKUP(D19,'لیست پرسنل'!$A$2:$D$1016,4,FALSE) -> 0 | G19: =VLOOKUP(D19,'لیست پرسنل'!$A$2:$E$1016,2,FALSE) -> 0 | H19: كنسانتره سنگ آهن بهاباد يزد | I19: CH9C17 | J19: پرینتر | K19: HP M428 | L19: CNDRP4WB5P | M19: 624923 | O19: بازیافت باطله چادرملو (159) | R19: به کارفرما فروخته شد | S19: 1404/06/11
A20: بهاباد يزد | B20: بهاباد يزد | D20: حسین عبدشاهی | E20: =VLOOKUP(D20,'لیست پرسنل'!$A$2:$D$1016,3,FALSE) -> فکورصنعت | F20: =VLOOKUP(D20,'لیست پرسنل'!$A$2:$D$1016,4,FALSE) -> تحقیق و توسعه فکور | G20: =VLOOKUP(D20,'لیست پرسنل'!$A$2:$E$1016,2,FALSE) -> 0 | H20: كنسانتره سنگ آهن بهاباد يزد | J20: تلويزيون | K20: TV Daewoo LED 43" | M20: 625266 | N20: خوابگاه مهندس اشرفی(عصرنوین) | R20: به کارفرما فروخته شد | S20: 1404/06/11
A21: بهاباد يزد | B21: بهاباد يزد | D21: حسین عبدشاهی | E21: =VLOOKUP(D21,'لیست پرسنل'!$A$2:$D$1016,3,FALSE) -> فکورصنعت | F21: =VLOOKUP(D21,'لیست پرسنل'!$A$2:$D$1016,4,FALSE) -> تحقیق و توسعه فکور | G21: =VLOOKUP(D21,'لیست پرسنل'!$A$2:$E$1016,2,FALSE) -> 0 | H21: كنسانتره سنگ آهن بهاباد يزد | J21: تلويزيون | K21: TV Daewoo LED 43" | M21: 625267 | N21: خوابگاه مهندس به نیا (پامیدکو) | R21: به کارفرما فروخته شد | S21: 1404/06/11
A22: بهاباد يزد | B22: بهاباد يزد | D22: حسین عبدشاهی | E22: =VLOOKUP(D22,'لیست پرسنل'!$A$2:$D$1016,3,FALSE) -> فکورصنعت | F22: =VLOOKUP(D22,'لیست پرسنل'!$A$2:$D$1016,4,FALSE) -> تحقیق و توسعه فکور | G22: =VLOOKUP(D22,'لیست پرسنل'!$A$2:$E$1016,2,FALSE) -> 0 | H22: كنسانتره سنگ آهن بهاباد يزد | J22: تلويزيون | K22: TV Daewoo LED 43" | M22: 625268 | N22: خوابگاه مهندس زاهدی(عصرنوین) | R22: به کارفرما فروخته شد | S22: 1404/06/11
A23: بهاباد يزد | B23: بهاباد يزد | D23: حسین عبدشاهی | E23: =VLOOKUP(D23,'لیست پرسنل'!$A$2:$D$1016,3,FALSE) -> فکورصنعت | F23: =VLOOKUP(D23,'لیست پرسنل'!$A$2:$D$1016,4,FALSE) -> تحقیق و توسعه فکور | G23: =VLOOKUP(D23,'لیست پرسنل'!$A$2:$E$1016,2,FALSE) -> 0 | H23: كنسانتره سنگ آهن بهاباد يزد | J23: تلويزيون | K23: TV Daewoo LED 43" | M23: 625269 | N23: خوابگاه مهندس موسوی (عصرنوین) | R23: به کارفرما فروخته شد | S23: 1404/06/11
A24: بهاباد يزد | B24: بهاباد يزد | D24: حسین عبدشاهی | E24: =VLOOKUP(D24,'لیست پرسنل'!$A$2:$D$1016,3,FALSE) -> فکورصنعت | F24: =VLOOKUP(D24,'لیست پرسنل'!$A$2:$D$1016,4,FALSE) -> تحقیق و توسعه فکور | G24: =VLOOKUP(D24,'لیست پرسنل'!$A$2:$E$1016,2,FALSE) -> 0 | H24: كنسانتره سنگ آهن بهاباد يزد | J24: مانيتور | K24: مانيتور جي پلاس 24 | M24: 628155 | Q24: نصب در (اداری عصر نوین) | R24: به کارفرما فروخته شد | S24: 1404/06/11
A25: بهاباد يزد | B25: بهاباد يزد | D25: حسین عبدشاهی | E25: =VLOOKUP(D25,'لیست پرسنل'!$A$2:$D$1016,3,FALSE) -> فکورصنعت | F25: =VLOOKUP(D25,'لیست پرسنل'!$A$2:$D$1016,4,FALSE) -> تحقیق و توسعه فکور | G25: =VLOOKUP(D25,'لیست پرسنل'!$A$2:$E$1016,2,FALSE) -> 0 | H25: كنسانتره سنگ آهن بهاباد يزد | J25: مانيتور | K25: مانیتور جی پلاس 24 | M25: 628156 | R25: به کارفرما فروخته شد | S25: 1404/06/11
A26: بهاباد يزد | B26: بهاباد يزد | D26: حسین عبدشاهی | E26: =VLOOKUP(D26,'لیست پرسنل'!$A$2:$D$1016,3,FALSE) -> فکورصنعت | F26: =VLOOKUP(D26,'لیست پرسنل'!$A$2:$D$1016,4,FALSE) -> تحقیق و توسعه فکور | G26: =VLOOKUP(D26,'لیست پرسنل'!$A$2:$E$1016,2,FALSE) -> 0 | H26: كنسانتره سنگ آهن بهاباد يزد | J26: مانيتور | K26: مانيتور جي پلاس 24 | M26: 628157 | Q26: نصب در (اداری عصر نوین) | R26: به کارفرما فروخته شد | S26: 1404/06/11
A27: بهاباد يزد | B27: بهاباد يزد | D27: حسین عبدشاهی | E27: =VLOOKUP(D27,'لیست پرسنل'!$A$2:$D$1016,3,FALSE) -> فکورصنعت | F27: =VLOOKUP(D27,'لیست پرسنل'!$A$2:$D$1016,4,FALSE) -> تحقیق و توسعه فکور | G27: =VLOOKUP(D27,'لیست پرسنل'!$A$2:$E$1016,2,FALSE) -> 0 | H27: كنسانتره سنگ آهن بهاباد يزد | J27: پرینتر | K27: پرینتر 3 کاره canon مدل 3010 | M27: 628994 | R27: به کارفرما فروخته شد | S27: 1404/06/11
A28: بهاباد يزد | B28: بهاباد يزد | D28: حسین عبدشاهی | E28: =VLOOKUP(D28,'لیست پرسنل'!$A$2:$D$1016,3,FALSE) -> فکورصنعت | F28: =VLOOKUP(D28,'لیست پرسنل'!$A$2:$D$1016,4,FALSE) -> تحقیق و توسعه فکور | G28: =VLOOKUP(D28,'لیست پرسنل'!$A$2:$E$1016,2,FALSE) -> 0 | H28: كنسانتره سنگ آهن بهاباد يزد | J28: تلفن Voip | K28: گوشی تلفن تحت شبکه گرند استریم | M28: 629325 | R28: به کارفرما فروخته شد | S28: 1404/06/11
A29: بهاباد يزد | B29: بهاباد يزد | D29: حسین عبدشاهی | E29: =VLOOKUP(D29,'لیست پرسنل'!$A$2:$D$1016,3,FALSE) -> فکورصنعت | F29: =VLOOKUP(D29,'لیست پرسنل'!$A$2:$D$1016,4,FALSE) -> تحقیق و توسعه فکور | G29: =VLOOKUP(D29,'لیست پرسنل'!$A$2:$E$1016,2,FALSE) -> 0 | H29: كنسانتره سنگ آهن بهاباد يزد | J29: تلفن Voip | K29: گوشی تلفن تحت شبکه گرند استریم | M29: 629326 | R29: به کارفرما فروخته شد | S29: 1404/06/11
A30: بهاباد يزد | B30: بهاباد يزد | D30: حسین عبدشاهی | E30: =VLOOKUP(D30,'لیست پرسنل'!$A$2:$D$1016,3,FALSE) -> فکورصنعت | F30: =VLOOKUP(D30,'لیست پرسنل'!$A$2:$D$1016,4,FALSE) -> تحقیق و توسعه فکور | G30: =VLOOKUP(D30,'لیست پرسنل'!$A$2:$E$1016,2,FALSE) -> 0 | H30: كنسانتره سنگ آهن بهاباد يزد | J30: تلفن Voip | K30: گوشی تلفن تحت شبکه گرند استریم | M30: 629327 | R30: به کارفرما فروخته شد | S30: 1404/06/11
A31: بهاباد يزد | B31: بهاباد يزد | D31: حسین عبدشاهی | E31: =VLOOKUP(D31,'لیست پرسنل'!$A$2:$D$1016,3,FALSE) -> فکورصنعت | F31: =VLOOKUP(D31,'لیست پرسنل'!$A$2:$D$1016,4,FALSE) -> تحقیق و توسعه فکور | G31: =VLOOKUP(D31,'لیست پرسنل'!$A$2:$E$1016,2,FALSE) -> 0 | H31: كنسانتره سنگ آهن بهاباد يزد | J31: تلفن Voip | K31: گوشی تلفن تحت شبکه گرند استریم | M31: 629328 | R31: به کارفرما فروخته شد | S31: 1404/06/11
A32: بهاباد يزد | B32: بهاباد يزد | D32: حسین عبدشاهی | E32: =VLOOKUP(D32,'لیست پرسنل'!$A$2:$D$1016,3,FALSE) -> فکورصنعت | F32: =VLOOKUP(D32,'لیست پرسنل'!$A$2:$D$1016,4,FALSE) -> تحقیق و توسعه فکور | G32: =VLOOKUP(D32,'لیست پرسنل'!$A$2:$E$1016,2,FALSE) -> 0 | H32: كنسانتره سنگ آهن بهاباد يزد | J32: تلفن Voip | K32: گوشی تلفن تحت شبکه گرند استریم | M32: 629329 | R32: به کارفرما فروخته شد | S32: 1404/06/11
A33: بهاباد يزد | B33: بهاباد يزد | D33: حسین عبدشاهی | E33: =VLOOKUP(D33,'لیست پرسنل'!$A$2:$D$1016,3,FALSE) -> فکورصنعت | F33: =VLOOKUP(D33,'لیست پرسنل'!$A$2:$D$1016,4,FALSE) -> تحقیق و توسعه فکور | G33: =VLOOKUP(D33,'لیست پرسنل'!$A$2:$E$1016,2,FALSE) -> 0 | H33: كنسانتره سنگ آهن بهاباد يزد | J33: مانيتور | K33: مانیتور جی پلاس 24-5JN | M33: 629331 | R33: به کارفرما فروخته شد | S33: 1404/06/11
A34: بهاباد يزد | B34: بهاباد يزد | D34: حسین عبدشاهی | E34: =VLOOKUP(D34,'لیست پرسنل'!$A$2:$D$1016,3,FALSE) -> فکورصنعت | F34: =VLOOKUP(D34,'لیست پرسنل'!$A$2:$D$1016,4,FALSE) -> تحقیق و توسعه فکور | G34: =VLOOKUP(D34,'لیست پرسنل'!$A$2:$E$1016,2,FALSE) -> 0 | H34: كنسانتره سنگ آهن بهاباد يزد | J34: مانيتور | K34: مانیتور جی پلاس 24-5JN | M34: 629332 | R34: به کارفرما فروخته شد | S34: 1404/06/11
A35: بهاباد يزد | B35: بهاباد يزد | D35: حسین عبدشاهی | E35: =VLOOKUP(D35,'لیست پرسنل'!$A$2:$D$1016,3,FALSE) -> فکورصنعت | F35: =VLOOKUP(D35,'لیست پرسنل'!$A$2:$D$1016,4,FALSE) -> تحقیق و توسعه فکور | G35: =VLOOKUP(D35,'لیست پرسنل'!$A$2:$E$1016,2,FALSE) -> 0 | H35: كنسانتره سنگ آهن بهاباد يزد | J35: گیرنده دیجیتال | K35: رسیور | M35: 629333 | R35: به کارفرما فروخته شد | S35: 1404/06/11
A36: بهاباد يزد | B36: بهاباد يزد | D36: حسین عبدشاهی | E36: =VLOOKUP(D36,'لیست پرسنل'!$A$2:$D$1016,3,FALSE) -> فکورصنعت | F36: =VLOOKUP(D36,'لیست پرسنل'!$A$2:$D$1016,4,FALSE) -> تحقیق و توسعه فکور | G36: =VLOOKUP(D36,'لیست پرسنل'!$A$2:$E$1016,2,FALSE) -> 0 | H36: كنسانتره سنگ آهن بهاباد يزد | J36: پرینتر | K36: پرینتر چندکاره لیزری کانن مدل SENSYS MF3010 | M36: 631077 | R36: به کارفرما فروخته شد | S36: 1404/06/11

Sheet خوابگاه 
A1: مشخصات سیستم های موجود درخوابگاه ها
A7: ردیف | B7: اپراتور | C7: شماره سیستم | D7: مدل مانیتور | E7: شماره سریال مانیتور | F7: کد اموال مانیتور | G7: کد اموال کیس | H7: متعلقات 1 | I7: سریال متعلقات | J7: کد اموال متعلقات | K7: متعلقات 2 | L7: سریال متعلقات | M7: کد اموال متعلقات
A8: 1 | B8: امیر علی سالار نیا نارسیس | C8: GG13C10 | D8: LG20" LED W2053S | E8: 0678027-204041103 | F8: 603954 | G8: 605221 | H8: Canon Laserjet LBP 6000B | I8: MXBA348017 | J8: 606000
A9: 2 | B9: امیر علی سالار نیا 15 خرداد | D9: AOC 19" 197VA-LCD | E9: AOCWHMAD84800089 | F9: 600016 | G9: 605714
A10: 3 | B10: خوابگاه صنایی | D10: LG Flatron 20EN33SS-B | E10: 310NDNUAD535 | F10: 601596 | G10: 603964
